protein1,protein2,pred
PF3D7_0814000,PF3D7_1027800,1.00552686039717
PF3D7_0814000,PF3D7_1441200,0.962799652860315
PF3D7_0814000,PF3D7_1460700,0.993406667622898
PF3D7_0814000,PF3D7_1342000,0.99119610785313
PF3D7_0814000,PF3D7_1424100,0.976513790454777
PF3D7_0814000,PF3D7_0719600,0.961456246954463
PF3D7_0814000,PF3D7_1323100,0.875065542603602
PF3D7_0814000,PF3D7_1460300,0.882342583212404
PF3D7_0814000,PF3D7_1126200,0.941804253723978
PF3D7_0814000,PF3D7_0322900,0.852885213859219
PF3D7_0814000,PF3D7_1465900,0.851734038993785
PF3D7_0814000,PF3D7_0813900,0.869646708883926
PF3D7_0814000,PF3D7_1109900,0.915697576975203
PF3D7_0814000,PF3D7_0316800,0.914564494296742
PF3D7_0814000,PF3D7_0415900,0.827592563316711
PF3D7_0814000,PF3D7_1004000,0.909859242730684
PF3D7_0814000,PF3D7_0520000,0.835289239609158
PF3D7_0814000,PF3D7_1358800,0.900971259877141
PF3D7_0814000,PF3D7_0517000,0.862002986064259
PF3D7_0814000,PF3D7_1351400,0.860610585660948
PF3D7_0814000,PF3D7_1431700,0.856184451697066
PF3D7_0814000,PF3D7_1421200,0.826141634027461
PF3D7_0814000,PF3D7_0516900,0.873351613836439
PF3D7_0814000,PF3D7_1142600,0.880836613746478
PF3D7_0814000,PF3D7_1003500,0.875694356202734
PF3D7_0814000,PF3D7_1414300,0.718383736941051
PF3D7_0814000,PF3D7_1424400,0.832848804995516
PF3D7_0814000,PF3D7_1341200,0.844975166073158
PF3D7_0814000,PF3D7_1461300,0.836415450716531
PF3D7_0814000,PF3D7_0618300,0.696866592240092
PF3D7_0814000,PF3D7_0307200,0.832133904511275
PF3D7_0814000,PF3D7_1408600,0.829862906416037
PF3D7_0814000,PF3D7_0706400,0.793852215859633
PF3D7_0814000,PF3D7_0614500,0.757240642053262
PF3D7_0814000,PF3D7_0516200,0.802447260734789
PF3D7_0814000,PF3D7_1130100,0.806969991220398
PF3D7_0814000,PF3D7_1105400,0.803402577447207
PF3D7_0814000,PF3D7_1026800,0.766385621387463
PF3D7_0814000,PF3D7_0317600,0.740043452180705
PF3D7_0814000,PF3D7_0210100,0.756436835027854
PF3D7_0814000,PF3D7_0821700,0.713601260889584
PF3D7_0814000,PF3D7_1302800,0.65983558618749
PF3D7_0814000,PF3D7_0710600,0.659783629732197
PF3D7_0814000,PF3D7_1331800,0.593794966899619
PF3D7_1027800,PF3D7_1441200,1.00089356733123
PF3D7_1027800,PF3D7_1460700,0.948897768514169
PF3D7_1027800,PF3D7_1342000,0.863820608584821
PF3D7_1027800,PF3D7_1424100,0.905677257640484
PF3D7_1027800,PF3D7_0719600,0.975465873446938
PF3D7_1027800,PF3D7_1323100,0.972513383052497
PF3D7_1027800,PF3D7_1460300,0.959008555738503
PF3D7_1027800,PF3D7_1126200,0.940637680627696
PF3D7_1027800,PF3D7_0322900,0.937783771177248
PF3D7_1027800,PF3D7_1465900,0.922923838095653
PF3D7_1027800,PF3D7_0813900,0.922021878488081
PF3D7_1027800,PF3D7_1109900,0.784494508284521
PF3D7_1027800,PF3D7_0316800,0.835123161066675
PF3D7_1027800,PF3D7_0415900,0.912347007554847
PF3D7_1027800,PF3D7_1004000,0.912082659825578
PF3D7_1027800,PF3D7_0520000,0.904517540217538
PF3D7_1027800,PF3D7_1358800,0.901005482846711
PF3D7_1027800,PF3D7_0517000,0.900138821404603
PF3D7_1027800,PF3D7_1351400,0.899449623786101
PF3D7_1027800,PF3D7_1431700,0.892341948348674
PF3D7_1027800,PF3D7_1421200,0.891909598320297
PF3D7_1027800,PF3D7_0516900,0.891044309657422
PF3D7_1027800,PF3D7_1142600,0.850882286880576
PF3D7_1027800,PF3D7_1003500,0.82165613294333
PF3D7_1027800,PF3D7_1414300,0.87430247350187
PF3D7_1027800,PF3D7_1424400,0.862713139337698
PF3D7_1027800,PF3D7_1341200,0.828228657347356
PF3D7_1027800,PF3D7_1461300,0.827971844805243
PF3D7_1027800,PF3D7_0618300,0.835974110659395
PF3D7_1027800,PF3D7_0307200,0.808198291325583
PF3D7_1027800,PF3D7_1408600,0.736422608539124
PF3D7_1027800,PF3D7_0706400,0.825166507514846
PF3D7_1027800,PF3D7_1447000,0.822595460187607
PF3D7_1027800,PF3D7_0614500,0.820211437984856
PF3D7_1027800,PF3D7_0516200,0.814293005113843
PF3D7_1027800,PF3D7_1130100,0.632620089542175
PF3D7_1027800,PF3D7_1105400,0.788188706205445
PF3D7_1027800,PF3D7_1026800,0.783452325580986
PF3D7_1027800,PF3D7_0317600,0.76811070575457
PF3D7_1027800,PF3D7_0210100,0.710088114553806
PF3D7_1027800,PF3D7_0821700,0.653254458973333
PF3D7_1027800,PF3D7_1302800,0.658142522716053
PF3D7_1027800,PF3D7_0710600,0.61517700116474
PF3D7_1027800,PF3D7_0507100,0.626811095638943
PF3D7_1441200,PF3D7_1460700,0.896646644701385
PF3D7_1441200,PF3D7_1342000,0.922221197184582
PF3D7_1441200,PF3D7_1424100,0.991971273376181
PF3D7_1441200,PF3D7_0719600,0.944261699973581
PF3D7_1441200,PF3D7_1323100,0.914510614240727
PF3D7_1441200,PF3D7_1126200,0.96031845850413
PF3D7_1441200,PF3D7_0322900,0.800822058962036
PF3D7_1441200,PF3D7_1465900,0.86780682995298
PF3D7_1441200,PF3D7_0813900,0.940451775508163
PF3D7_1441200,PF3D7_1109900,0.748172637483821
PF3D7_1441200,PF3D7_0316800,0.897224767923145
PF3D7_1441200,PF3D7_0415900,0.760102308393084
PF3D7_1441200,PF3D7_1004000,0.894349189429628
PF3D7_1441200,PF3D7_0520000,0.803596013962649
PF3D7_1441200,PF3D7_1358800,0.796794511342884
PF3D7_1441200,PF3D7_0517000,0.90507243898187
PF3D7_1441200,PF3D7_1351400,0.870293651589708
PF3D7_1441200,PF3D7_1431700,0.927603337630108
PF3D7_1441200,PF3D7_1421200,0.925707228685482
PF3D7_1441200,PF3D7_0516900,0.902810423877249
PF3D7_1441200,PF3D7_1142600,0.852302856163489
PF3D7_1441200,PF3D7_1003500,0.897363001028181
PF3D7_1441200,PF3D7_1414300,0.845275234689393
PF3D7_1441200,PF3D7_1424400,0.845805251669806
PF3D7_1441200,PF3D7_1341200,0.881153989778426
PF3D7_1441200,PF3D7_1461300,0.785789199053729
PF3D7_1441200,PF3D7_0618300,0.837798020959068
PF3D7_1441200,PF3D7_0307200,0.782149960127828
PF3D7_1441200,PF3D7_1408600,0.770782598116758
PF3D7_1441200,PF3D7_0706400,0.854546712570438
PF3D7_1441200,PF3D7_1447000,0.762693891454217
PF3D7_1441200,PF3D7_0614500,0.805339548340105
PF3D7_1441200,PF3D7_0516200,0.90912596446613
PF3D7_1441200,PF3D7_1130100,0.710497275316946
PF3D7_1441200,PF3D7_1105400,0.852979175576883
PF3D7_1441200,PF3D7_1026800,0.80930585179535
PF3D7_1441200,PF3D7_0317600,0.770806321411465
PF3D7_1441200,PF3D7_0210100,0.726571600851881
PF3D7_1441200,PF3D7_1302800,0.722192523974279
PF3D7_1441200,PF3D7_0507100,0.69275718275938
PF3D7_1441200,PF3D7_1331800,0.709054015501361
PF3D7_1460700,PF3D7_1342000,0.94739820457887
PF3D7_1460700,PF3D7_1424100,0.807749540062769
PF3D7_1460700,PF3D7_0719600,0.79150776637966
PF3D7_1460700,PF3D7_1323100,0.941953125251907
PF3D7_1460700,PF3D7_1460300,0.751238748984635
PF3D7_1460700,PF3D7_1126200,0.845715920463562
PF3D7_1460700,PF3D7_0322900,0.922367400115282
PF3D7_1460700,PF3D7_1465900,0.92552343210499
PF3D7_1460700,PF3D7_0813900,0.923659362824041
PF3D7_1460700,PF3D7_1109900,0.915118898604886
PF3D7_1460700,PF3D7_0316800,0.919618415128446
PF3D7_1460700,PF3D7_0415900,0.804927748210524
PF3D7_1460700,PF3D7_1004000,0.961422161212551
PF3D7_1460700,PF3D7_0520000,0.897358579348884
PF3D7_1460700,PF3D7_1358800,0.804563930613396
PF3D7_1460700,PF3D7_0517000,0.887536293336413
PF3D7_1460700,PF3D7_1351400,0.768833980235282
PF3D7_1460700,PF3D7_1431700,0.92337368872293
PF3D7_1460700,PF3D7_1421200,0.921231544290089
PF3D7_1460700,PF3D7_0516900,0.81957968208412
PF3D7_1460700,PF3D7_1142600,0.792666103924963
PF3D7_1460700,PF3D7_1003500,0.754222497464707
PF3D7_1460700,PF3D7_1424400,0.698115124563127
PF3D7_1460700,PF3D7_1341200,0.865553885662676
PF3D7_1460700,PF3D7_1461300,0.802823096043961
PF3D7_1460700,PF3D7_0618300,0.681854561406171
PF3D7_1460700,PF3D7_0307200,0.852719210053596
PF3D7_1460700,PF3D7_1408600,0.568554286773334
PF3D7_1460700,PF3D7_0706400,0.771593579958418
PF3D7_1460700,PF3D7_1447000,0.742785845189201
PF3D7_1460700,PF3D7_0614500,0.575137817498794
PF3D7_1460700,PF3D7_0516200,0.640880717417508
PF3D7_1460700,PF3D7_1130100,0.828943035842067
PF3D7_1460700,PF3D7_1105400,0.825600097631441
PF3D7_1460700,PF3D7_1026800,0.776264449477815
PF3D7_1460700,PF3D7_0317600,0.770049877807871
PF3D7_1460700,PF3D7_0210100,0.73713491160775
PF3D7_1460700,PF3D7_0821700,0.71370876335311
PF3D7_1460700,PF3D7_0507100,0.492271756073459
PF3D7_1342000,PF3D7_1424100,0.872720907551613
PF3D7_1342000,PF3D7_0719600,0.94713285781947
PF3D7_1342000,PF3D7_1323100,0.999992122474928
PF3D7_1342000,PF3D7_1460300,0.842933400931789
PF3D7_1342000,PF3D7_1126200,0.881451535910497
PF3D7_1342000,PF3D7_0322900,0.92671907108332
PF3D7_1342000,PF3D7_1465900,1.00214785000877
PF3D7_1342000,PF3D7_0813900,0.913177379505889
PF3D7_1342000,PF3D7_1109900,0.938671949693254
PF3D7_1342000,PF3D7_0316800,0.965336749421716
PF3D7_1342000,PF3D7_0415900,0.922983810800052
PF3D7_1342000,PF3D7_1004000,0.921697207009679
PF3D7_1342000,PF3D7_0520000,0.984190067505223
PF3D7_1342000,PF3D7_1358800,0.946462536404514
PF3D7_1342000,PF3D7_0517000,0.876651989137395
PF3D7_1342000,PF3D7_1351400,0.903472508280861
PF3D7_1342000,PF3D7_1431700,0.90107869626889
PF3D7_1342000,PF3D7_1421200,0.947480447849117
PF3D7_1342000,PF3D7_0516900,0.836136267826536
PF3D7_1342000,PF3D7_1142600,0.770434831051645
PF3D7_1342000,PF3D7_1003500,0.933605297500582
PF3D7_1342000,PF3D7_1414300,0.861371977938407
PF3D7_1342000,PF3D7_1424400,0.871568507482111
PF3D7_1342000,PF3D7_1341200,0.931080743672699
PF3D7_1342000,PF3D7_1461300,0.79450213293183
PF3D7_1342000,PF3D7_0618300,0.848987335079591
PF3D7_1342000,PF3D7_0307200,0.861987737774562
PF3D7_1342000,PF3D7_1408600,0.818912060762013
PF3D7_1342000,PF3D7_0706400,0.786148998638429
PF3D7_1342000,PF3D7_1447000,0.83513490795317
PF3D7_1342000,PF3D7_0614500,0.857264604856992
PF3D7_1342000,PF3D7_0516200,0.892100662120163
PF3D7_1342000,PF3D7_1130100,0.843845105477906
PF3D7_1342000,PF3D7_1105400,0.978136470669594
PF3D7_1342000,PF3D7_1026800,0.799791035847305
PF3D7_1342000,PF3D7_0317600,0.89995541388869
PF3D7_1342000,PF3D7_0210100,0.763702947583074
PF3D7_1342000,PF3D7_0821700,0.750656887636245
PF3D7_1342000,PF3D7_1302800,0.687598757468983
PF3D7_1342000,PF3D7_0710600,0.751565731173782
PF3D7_1342000,PF3D7_0507100,0.668494256613694
PF3D7_1342000,PF3D7_1331800,0.752569289053611
PF3D7_1424100,PF3D7_0719600,0.772397852453989
PF3D7_1424100,PF3D7_1323100,0.874653398694323
PF3D7_1424100,PF3D7_1460300,0.898260368740693
PF3D7_1424100,PF3D7_1126200,0.929648519634886
PF3D7_1424100,PF3D7_0322900,0.677416916531609
PF3D7_1424100,PF3D7_1465900,0.939930819817615
PF3D7_1424100,PF3D7_0813900,0.909741322010608
PF3D7_1424100,PF3D7_1109900,0.847851335413217
PF3D7_1424100,PF3D7_0316800,0.860142569114707
PF3D7_1424100,PF3D7_0415900,0.795169695067408
PF3D7_1424100,PF3D7_1004000,0.80186314143052
PF3D7_1424100,PF3D7_0520000,0.908174474775662
PF3D7_1424100,PF3D7_1358800,0.908278874034
PF3D7_1424100,PF3D7_0517000,0.70612830717064
PF3D7_1424100,PF3D7_1351400,0.82841360952611
PF3D7_1424100,PF3D7_1431700,0.822339708913425
PF3D7_1424100,PF3D7_1421200,0.924137702563475
PF3D7_1424100,PF3D7_1142600,0.843544092907635
PF3D7_1424100,PF3D7_1003500,0.866794570026228
PF3D7_1424100,PF3D7_1414300,0.812686764504576
PF3D7_1424100,PF3D7_1424400,0.76700286399342
PF3D7_1424100,PF3D7_1341200,0.627982529482551
PF3D7_1424100,PF3D7_1461300,0.697109213485783
PF3D7_1424100,PF3D7_0618300,0.72299460920533
PF3D7_1424100,PF3D7_0706400,0.577196754770798
PF3D7_1424100,PF3D7_1447000,0.855626379371664
PF3D7_1424100,PF3D7_0516200,0.688747557204349
PF3D7_1424100,PF3D7_1130100,0.859792742931142
PF3D7_1424100,PF3D7_1105400,0.910917853105286
PF3D7_1424100,PF3D7_0317600,0.775555802925434
PF3D7_1424100,PF3D7_0210100,0.612304857382909
PF3D7_1424100,PF3D7_0710600,0.598350318919244
PF3D7_0719600,PF3D7_1323100,0.93355455591138
PF3D7_0719600,PF3D7_1460300,0.838091894379125
PF3D7_0719600,PF3D7_1126200,0.928550921771299
PF3D7_0719600,PF3D7_0322900,0.821760637318925
PF3D7_0719600,PF3D7_1465900,0.665024435812768
PF3D7_0719600,PF3D7_0813900,0.840548357373763
PF3D7_0719600,PF3D7_1109900,0.899387088812943
PF3D7_0719600,PF3D7_0316800,0.892191702744276
PF3D7_0719600,PF3D7_1004000,0.923547115554493
PF3D7_0719600,PF3D7_0520000,0.780370582346465
PF3D7_0719600,PF3D7_1358800,0.969780022632639
PF3D7_0719600,PF3D7_0517000,0.623966285208819
PF3D7_0719600,PF3D7_1351400,0.886300822890691
PF3D7_0719600,PF3D7_1431700,0.826042202886637
PF3D7_0719600,PF3D7_1421200,0.943508429085392
PF3D7_0719600,PF3D7_0516900,0.853630775685253
PF3D7_0719600,PF3D7_1142600,0.77067817784802
PF3D7_0719600,PF3D7_1003500,0.87014962843903
PF3D7_0719600,PF3D7_1414300,0.802349496446605
PF3D7_0719600,PF3D7_1424400,0.86808958829884
PF3D7_0719600,PF3D7_1341200,0.928204715039996
PF3D7_0719600,PF3D7_1461300,0.849407198810058
PF3D7_0719600,PF3D7_0618300,0.786272985024559
PF3D7_0719600,PF3D7_0307200,0.715898811978944
PF3D7_0719600,PF3D7_1408600,0.838092181557087
PF3D7_0719600,PF3D7_0706400,0.791457284023545
PF3D7_0719600,PF3D7_1447000,0.840929242053421
PF3D7_0719600,PF3D7_0614500,0.880936988445545
PF3D7_0719600,PF3D7_0516200,0.87936502235931
PF3D7_0719600,PF3D7_1130100,0.880680366922979
PF3D7_0719600,PF3D7_1105400,0.881827938626426
PF3D7_0719600,PF3D7_1026800,0.835890546695457
PF3D7_0719600,PF3D7_0317600,0.798645048198929
PF3D7_0719600,PF3D7_0210100,0.785123911174803
PF3D7_0719600,PF3D7_0821700,0.636085427035682
PF3D7_0719600,PF3D7_1302800,0.649182651630094
PF3D7_0719600,PF3D7_0710600,0.730076455376619
PF3D7_0719600,PF3D7_0507100,0.667122770694229
PF3D7_0719600,PF3D7_1331800,0.732856186854763
PF3D7_1323100,PF3D7_1460300,0.90005165791056
PF3D7_1323100,PF3D7_1126200,0.871178119756861
PF3D7_1323100,PF3D7_0322900,0.919913635693811
PF3D7_1323100,PF3D7_1465900,0.920461685036267
PF3D7_1323100,PF3D7_0813900,0.911998786089392
PF3D7_1323100,PF3D7_1109900,0.763236321176797
PF3D7_1323100,PF3D7_0316800,0.85644121970916
PF3D7_1323100,PF3D7_0415900,0.706202962713683
PF3D7_1323100,PF3D7_1004000,0.924522084806013
PF3D7_1323100,PF3D7_0520000,0.812925453053757
PF3D7_1323100,PF3D7_1358800,0.976843653244651
PF3D7_1323100,PF3D7_0517000,0.804538755347151
PF3D7_1323100,PF3D7_1351400,0.699932002990537
PF3D7_1323100,PF3D7_1431700,0.885825314654583
PF3D7_1323100,PF3D7_1421200,0.867999700863247
PF3D7_1323100,PF3D7_0516900,0.73402365346485
PF3D7_1323100,PF3D7_1142600,0.70430369455573
PF3D7_1323100,PF3D7_1003500,0.642572707614264
PF3D7_1323100,PF3D7_1414300,0.845762761388054
PF3D7_1323100,PF3D7_1424400,0.788828724798692
PF3D7_1323100,PF3D7_1341200,0.782300718741791
PF3D7_1323100,PF3D7_1461300,0.879103762928509
PF3D7_1323100,PF3D7_0618300,0.850930356855939
PF3D7_1323100,PF3D7_0307200,0.890238121343239
PF3D7_1323100,PF3D7_1408600,0.814892876845349
PF3D7_1323100,PF3D7_0706400,0.834266486429742
PF3D7_1323100,PF3D7_1447000,0.76800917257801
PF3D7_1323100,PF3D7_0614500,0.664448381818155
PF3D7_1323100,PF3D7_0516200,0.870759574791798
PF3D7_1323100,PF3D7_1130100,0.897494178119545
PF3D7_1323100,PF3D7_1105400,0.869712333831708
PF3D7_1323100,PF3D7_1026800,0.794546499623732
PF3D7_1323100,PF3D7_0317600,0.889524449581387
PF3D7_1323100,PF3D7_0210100,0.748436956803818
PF3D7_1323100,PF3D7_0821700,0.757599614311476
PF3D7_1323100,PF3D7_1302800,0.698258086526871
PF3D7_1323100,PF3D7_0710600,0.6003507477902
PF3D7_1323100,PF3D7_0507100,0.574835094888071
PF3D7_1323100,PF3D7_1331800,0.638814550029206
PF3D7_1460300,PF3D7_1126200,0.889710781593047
PF3D7_1460300,PF3D7_1465900,0.835660385952166
PF3D7_1460300,PF3D7_0813900,0.950680712347378
PF3D7_1460300,PF3D7_1109900,0.902393042249918
PF3D7_1460300,PF3D7_0316800,0.862672136157925
PF3D7_1460300,PF3D7_0415900,0.825139167828892
PF3D7_1460300,PF3D7_1004000,0.803432024875321
PF3D7_1460300,PF3D7_0520000,0.908883355837081
PF3D7_1460300,PF3D7_1358800,0.939332015354594
PF3D7_1460300,PF3D7_1351400,0.795476193890193
PF3D7_1460300,PF3D7_1431700,0.605358908397398
PF3D7_1460300,PF3D7_1421200,0.809660164901619
PF3D7_1460300,PF3D7_0516900,0.545009259648214
PF3D7_1460300,PF3D7_1142600,0.802182582847555
PF3D7_1460300,PF3D7_1003500,0.939841848701944
PF3D7_1460300,PF3D7_1414300,0.813172149775626
PF3D7_1460300,PF3D7_1424400,0.764119373254931
PF3D7_1460300,PF3D7_1461300,0.688090456703536
PF3D7_1460300,PF3D7_0618300,0.623806790508576
PF3D7_1460300,PF3D7_0307200,0.913188234846394
PF3D7_1460300,PF3D7_1447000,0.734733259519489
PF3D7_1460300,PF3D7_0614500,0.757507792228218
PF3D7_1460300,PF3D7_1105400,0.925515699122471
PF3D7_1460300,PF3D7_0317600,0.808404911013828
PF3D7_1460300,PF3D7_0821700,0.797767988606358
PF3D7_1460300,PF3D7_0710600,0.677226604102071
PF3D7_1460300,PF3D7_0507100,0.550339601092228
PF3D7_1126200,PF3D7_0322900,0.932230542617091
PF3D7_1126200,PF3D7_1465900,0.83197469989784
PF3D7_1126200,PF3D7_0813900,0.97455959468478
PF3D7_1126200,PF3D7_1109900,0.924875506654949
PF3D7_1126200,PF3D7_0316800,0.891743305724275
PF3D7_1126200,PF3D7_0415900,0.921135247223022
PF3D7_1126200,PF3D7_1004000,0.954078442349009
PF3D7_1126200,PF3D7_0520000,0.917270281800778
PF3D7_1126200,PF3D7_1358800,0.908373188361322
PF3D7_1126200,PF3D7_0517000,0.832181889811658
PF3D7_1126200,PF3D7_1351400,0.864691671230314
PF3D7_1126200,PF3D7_1431700,0.855730488386952
PF3D7_1126200,PF3D7_1421200,0.939323183267081
PF3D7_1126200,PF3D7_0516900,0.606500964796798
PF3D7_1126200,PF3D7_1003500,0.753116680532373
PF3D7_1126200,PF3D7_1414300,0.932995180146319
PF3D7_1126200,PF3D7_1424400,0.830891939271982
PF3D7_1126200,PF3D7_1341200,0.863680253713387
PF3D7_1126200,PF3D7_1461300,0.805870410416285
PF3D7_1126200,PF3D7_0618300,0.874861143861935
PF3D7_1126200,PF3D7_0307200,0.886669540008867
PF3D7_1126200,PF3D7_1408600,0.827166949183658
PF3D7_1126200,PF3D7_0706400,0.844701037315135
PF3D7_1126200,PF3D7_1447000,0.902835648809078
PF3D7_1126200,PF3D7_0614500,0.785647933944982
PF3D7_1126200,PF3D7_0516200,0.87565226388321
PF3D7_1126200,PF3D7_1130100,0.887362283094881
PF3D7_1126200,PF3D7_1105400,0.845674858017326
PF3D7_1126200,PF3D7_0210100,0.540055787937398
PF3D7_1126200,PF3D7_0821700,0.658090415091647
PF3D7_1126200,PF3D7_1302800,0.627038221847738
PF3D7_1126200,PF3D7_0710600,0.80940922310182
PF3D7_1126200,PF3D7_0507100,0.548131685579635
PF3D7_1126200,PF3D7_1331800,0.658553917394289
PF3D7_0322900,PF3D7_1465900,0.97907074577653
PF3D7_0322900,PF3D7_0813900,0.894629576286191
PF3D7_0322900,PF3D7_1109900,0.854352197916186
PF3D7_0322900,PF3D7_0316800,0.892811263365721
PF3D7_0322900,PF3D7_0415900,0.818069574241176
PF3D7_0322900,PF3D7_1004000,0.820681579836763
PF3D7_0322900,PF3D7_0520000,0.969225443219057
PF3D7_0322900,PF3D7_1358800,0.933178583483823
PF3D7_0322900,PF3D7_0517000,0.825315235357749
PF3D7_0322900,PF3D7_1351400,0.834045350200761
PF3D7_0322900,PF3D7_1431700,0.818964521491136
PF3D7_0322900,PF3D7_1421200,0.908026209599369
PF3D7_0322900,PF3D7_0516900,0.766573266563496
PF3D7_0322900,PF3D7_1142600,0.64104029033543
PF3D7_0322900,PF3D7_1003500,0.899224838729369
PF3D7_0322900,PF3D7_1414300,0.742301932778363
PF3D7_0322900,PF3D7_1424400,0.787813306738258
PF3D7_0322900,PF3D7_1341200,0.811506879647711
PF3D7_0322900,PF3D7_1461300,0.757961058116337
PF3D7_0322900,PF3D7_0618300,0.88809933645607
PF3D7_0322900,PF3D7_0307200,0.724246681207804
PF3D7_0322900,PF3D7_1408600,0.799691222414591
PF3D7_0322900,PF3D7_0706400,0.737727102845494
PF3D7_0322900,PF3D7_1447000,0.89576777986405
PF3D7_0322900,PF3D7_0614500,0.740377710489185
PF3D7_0322900,PF3D7_0516200,0.895363422530734
PF3D7_0322900,PF3D7_1130100,0.832613686780456
PF3D7_0322900,PF3D7_1105400,0.938087702511616
PF3D7_0322900,PF3D7_1026800,0.787246422180522
PF3D7_0322900,PF3D7_0317600,0.860714948941284
PF3D7_0322900,PF3D7_0210100,0.799449549211213
PF3D7_0322900,PF3D7_0821700,0.748795577306866
PF3D7_0322900,PF3D7_1302800,0.623991344902269
PF3D7_0322900,PF3D7_0710600,0.683949624134176
PF3D7_0322900,PF3D7_1331800,0.676258776405319
PF3D7_1465900,PF3D7_0813900,0.939095738371437
PF3D7_1465900,PF3D7_1109900,0.738145124876298
PF3D7_1465900,PF3D7_0316800,0.88856640938786
PF3D7_1465900,PF3D7_0415900,0.885993514425364
PF3D7_1465900,PF3D7_1004000,0.866270951959053
PF3D7_1465900,PF3D7_0520000,0.963297271155746
PF3D7_1465900,PF3D7_1358800,0.845633388040489
PF3D7_1465900,PF3D7_0517000,0.782565675552006
PF3D7_1465900,PF3D7_1351400,0.692721402735562
PF3D7_1465900,PF3D7_1431700,0.78712279995697
PF3D7_1465900,PF3D7_1421200,0.927002356804735
PF3D7_1465900,PF3D7_1003500,0.811212263771697
PF3D7_1465900,PF3D7_1414300,0.774611277321039
PF3D7_1465900,PF3D7_1424400,0.636678517645732
PF3D7_1465900,PF3D7_1341200,0.763775682529159
PF3D7_1465900,PF3D7_1461300,0.851723350598487
PF3D7_1465900,PF3D7_0618300,0.866198919590504
PF3D7_1465900,PF3D7_1408600,0.74362876029436
PF3D7_1465900,PF3D7_0706400,0.790320627815921
PF3D7_1465900,PF3D7_1447000,0.834063432010094
PF3D7_1465900,PF3D7_0614500,0.649730715577639
PF3D7_1465900,PF3D7_0516200,0.835547640015436
PF3D7_1465900,PF3D7_1130100,0.876252316591068
PF3D7_1465900,PF3D7_1105400,0.698971438246991
PF3D7_1465900,PF3D7_1026800,0.602079543208061
PF3D7_1465900,PF3D7_0317600,0.776516942876525
PF3D7_1465900,PF3D7_0210100,0.604264581666951
PF3D7_1465900,PF3D7_0821700,0.775327701473445
PF3D7_1465900,PF3D7_1302800,0.676067306548513
PF3D7_1465900,PF3D7_0710600,0.668530424650373
PF3D7_0813900,PF3D7_1109900,0.842833455554193
PF3D7_0813900,PF3D7_0316800,0.943743835578726
PF3D7_0813900,PF3D7_0415900,0.857007954868642
PF3D7_0813900,PF3D7_1004000,0.906410608056694
PF3D7_0813900,PF3D7_0520000,0.966421993807839
PF3D7_0813900,PF3D7_1358800,0.938331186254175
PF3D7_0813900,PF3D7_0517000,0.803988045161261
PF3D7_0813900,PF3D7_1351400,0.795971447080404
PF3D7_0813900,PF3D7_1431700,0.830800367845873
PF3D7_0813900,PF3D7_1421200,0.91700290836676
PF3D7_0813900,PF3D7_0516900,0.64410690827375
PF3D7_0813900,PF3D7_1003500,0.760450809385251
PF3D7_0813900,PF3D7_1414300,0.884940961019655
PF3D7_0813900,PF3D7_1424400,0.74526104336761
PF3D7_0813900,PF3D7_1341200,0.865216030544912
PF3D7_0813900,PF3D7_1461300,0.85918765281111
PF3D7_0813900,PF3D7_0618300,0.790414508853456
PF3D7_0813900,PF3D7_0307200,0.748366824964444
PF3D7_0813900,PF3D7_1408600,0.807067606045183
PF3D7_0813900,PF3D7_0706400,0.813224971319047
PF3D7_0813900,PF3D7_1447000,0.82813821614956
PF3D7_0813900,PF3D7_0614500,0.742283253972139
PF3D7_0813900,PF3D7_0516200,0.921891507177773
PF3D7_0813900,PF3D7_1130100,0.860265869223585
PF3D7_0813900,PF3D7_1105400,0.865332200152035
PF3D7_0813900,PF3D7_0821700,0.724515899806931
PF3D7_0813900,PF3D7_0710600,0.771264867739087
PF3D7_0813900,PF3D7_0507100,0.584454488478068
PF3D7_0813900,PF3D7_1331800,0.697597113404882
PF3D7_1109900,PF3D7_0316800,0.827056415586467
PF3D7_1109900,PF3D7_0415900,0.672260001440939
PF3D7_1109900,PF3D7_1004000,0.946237479042118
PF3D7_1109900,PF3D7_0520000,0.736559766974787
PF3D7_1109900,PF3D7_1358800,0.8631442656557
PF3D7_1109900,PF3D7_0517000,0.610274783748523
PF3D7_1109900,PF3D7_1351400,0.720280692110087
PF3D7_1109900,PF3D7_1431700,0.917835099858487
PF3D7_1109900,PF3D7_1421200,0.851807805351167
PF3D7_1109900,PF3D7_0516900,0.768626854985386
PF3D7_1109900,PF3D7_1003500,0.640715487761251
PF3D7_1109900,PF3D7_1414300,0.946323579723478
PF3D7_1109900,PF3D7_1424400,0.793296202913585
PF3D7_1109900,PF3D7_1341200,0.909999638748758
PF3D7_1109900,PF3D7_1461300,0.886179482898005
PF3D7_1109900,PF3D7_0618300,0.864770799655311
PF3D7_1109900,PF3D7_0307200,0.949425582663496
PF3D7_1109900,PF3D7_1408600,0.860238736096465
PF3D7_1109900,PF3D7_0706400,0.850152533085068
PF3D7_1109900,PF3D7_0614500,0.830001176727268
PF3D7_1109900,PF3D7_0516200,0.875018859915652
PF3D7_1109900,PF3D7_1130100,0.871024662991243
PF3D7_1109900,PF3D7_1105400,0.727586411819852
PF3D7_1109900,PF3D7_1026800,0.788627837994963
PF3D7_1109900,PF3D7_0210100,0.661963526906742
PF3D7_1109900,PF3D7_0821700,0.689886190685196
PF3D7_1109900,PF3D7_1302800,0.844956039492134
PF3D7_1109900,PF3D7_0710600,0.825134985239083
PF3D7_1109900,PF3D7_0507100,0.697375549139951
PF3D7_1109900,PF3D7_1331800,0.765819652184438
PF3D7_0316800,PF3D7_0415900,0.931948297870103
PF3D7_0316800,PF3D7_1004000,0.755292347751339
PF3D7_0316800,PF3D7_0520000,0.880367030257112
PF3D7_0316800,PF3D7_1358800,0.790528765923263
PF3D7_0316800,PF3D7_0517000,0.839879306974108
PF3D7_0316800,PF3D7_1351400,0.887726907029969
PF3D7_0316800,PF3D7_1431700,0.816185803641063
PF3D7_0316800,PF3D7_1421200,0.953583904474444
PF3D7_0316800,PF3D7_0516900,0.694461211206037
PF3D7_0316800,PF3D7_1003500,0.865686443792237
PF3D7_0316800,PF3D7_1414300,0.89198161402077
PF3D7_0316800,PF3D7_1424400,0.784628832285348
PF3D7_0316800,PF3D7_1341200,0.813943955806683
PF3D7_0316800,PF3D7_1461300,0.795382334216796
PF3D7_0316800,PF3D7_0618300,0.803632562151992
PF3D7_0316800,PF3D7_1408600,0.806476537951411
PF3D7_0316800,PF3D7_0706400,0.806290446305502
PF3D7_0316800,PF3D7_1447000,0.862136294424349
PF3D7_0316800,PF3D7_0614500,0.815470423519725
PF3D7_0316800,PF3D7_0516200,0.818687323847239
PF3D7_0316800,PF3D7_1130100,0.649890536404002
PF3D7_0316800,PF3D7_1105400,0.951849360203578
PF3D7_0316800,PF3D7_0317600,0.767889775846363
PF3D7_0316800,PF3D7_0210100,0.654177847403359
PF3D7_0316800,PF3D7_0821700,0.748755657956116
PF3D7_0316800,PF3D7_1302800,0.766587738457611
PF3D7_0316800,PF3D7_0710600,0.869206259201133
PF3D7_0316800,PF3D7_0507100,0.635423286649171
PF3D7_0316800,PF3D7_1331800,0.671759938730087
PF3D7_0415900,PF3D7_1004000,0.808398896684106
PF3D7_0415900,PF3D7_0520000,0.827703439197037
PF3D7_0415900,PF3D7_1358800,0.756187922199338
PF3D7_0415900,PF3D7_0517000,0.813801930353502
PF3D7_0415900,PF3D7_1351400,0.831585447924545
PF3D7_0415900,PF3D7_1431700,0.79379732599442
PF3D7_0415900,PF3D7_1421200,0.891574923108911
PF3D7_0415900,PF3D7_1003500,0.805796991266296
PF3D7_0415900,PF3D7_1414300,0.721639971089976
PF3D7_0415900,PF3D7_1424400,0.723894544110219
PF3D7_0415900,PF3D7_1341200,0.802195900095581
PF3D7_0415900,PF3D7_1461300,0.732957531479145
PF3D7_0415900,PF3D7_0618300,0.674136986877573
PF3D7_0415900,PF3D7_0307200,0.621020842118935
PF3D7_0415900,PF3D7_1408600,0.79781323554977
PF3D7_0415900,PF3D7_0706400,0.738595728855874
PF3D7_0415900,PF3D7_0516200,0.69986362123921
PF3D7_0415900,PF3D7_1105400,0.805463017150341
PF3D7_0415900,PF3D7_0317600,0.601848267739764
PF3D7_0415900,PF3D7_0821700,0.716931631147137
PF3D7_0415900,PF3D7_0710600,0.748973210467389
PF3D7_0415900,PF3D7_0507100,0.632020584011936
PF3D7_1004000,PF3D7_0520000,0.841795450747092
PF3D7_1004000,PF3D7_1358800,0.937866379710139
PF3D7_1004000,PF3D7_0517000,0.760551431402666
PF3D7_1004000,PF3D7_1351400,0.898118955854567
PF3D7_1004000,PF3D7_1431700,0.9609421410769
PF3D7_1004000,PF3D7_1421200,0.872982883480571
PF3D7_1004000,PF3D7_0516900,0.838641457846504
PF3D7_1004000,PF3D7_1142600,0.659126740653131
PF3D7_1004000,PF3D7_1003500,0.932302326596429
PF3D7_1004000,PF3D7_1414300,0.866612481528034
PF3D7_1004000,PF3D7_1424400,0.832445129314426
PF3D7_1004000,PF3D7_1341200,0.89942471650986
PF3D7_1004000,PF3D7_1461300,0.796238296109635
PF3D7_1004000,PF3D7_0618300,0.885359125954022
PF3D7_1004000,PF3D7_0307200,0.941386597337898
PF3D7_1004000,PF3D7_1408600,0.853599338845402
PF3D7_1004000,PF3D7_0706400,0.856792848676516
PF3D7_1004000,PF3D7_1447000,0.752003974873735
PF3D7_1004000,PF3D7_0614500,0.847731853079416
PF3D7_1004000,PF3D7_0516200,0.831731010000555
PF3D7_1004000,PF3D7_1130100,0.900279107114886
PF3D7_1004000,PF3D7_1105400,0.757339026189087
PF3D7_1004000,PF3D7_1026800,0.696244240810989
PF3D7_1004000,PF3D7_0317600,0.611055071464222
PF3D7_1004000,PF3D7_0210100,0.712969955266689
PF3D7_1004000,PF3D7_0821700,0.816258813476891
PF3D7_1004000,PF3D7_1302800,0.715001007037965
PF3D7_1004000,PF3D7_0710600,0.742732073487253
PF3D7_1004000,PF3D7_0507100,0.548901956236865
PF3D7_1004000,PF3D7_1331800,0.711441582599186
PF3D7_0520000,PF3D7_1358800,0.903019858842549
PF3D7_0520000,PF3D7_0517000,0.758403767905107
PF3D7_0520000,PF3D7_1351400,0.739822226387588
PF3D7_0520000,PF3D7_1431700,0.666185279970914
PF3D7_0520000,PF3D7_1421200,0.905570426567655
PF3D7_0520000,PF3D7_0516900,0.609488411314047
PF3D7_0520000,PF3D7_1142600,0.596889369624928
PF3D7_0520000,PF3D7_1003500,0.731906310849601
PF3D7_0520000,PF3D7_1414300,0.824604181252186
PF3D7_0520000,PF3D7_1424400,0.813932694449999
PF3D7_0520000,PF3D7_1341200,0.7399301371277
PF3D7_0520000,PF3D7_1461300,0.825292807586715
PF3D7_0520000,PF3D7_0618300,0.878722660690938
PF3D7_0520000,PF3D7_0307200,0.69096904844088
PF3D7_0520000,PF3D7_1408600,0.791648112160557
PF3D7_0520000,PF3D7_0706400,0.880291482191289
PF3D7_0520000,PF3D7_1447000,0.825479397790556
PF3D7_0520000,PF3D7_0614500,0.619380574572186
PF3D7_0520000,PF3D7_0516200,0.822574128568089
PF3D7_0520000,PF3D7_1130100,0.888594068204315
PF3D7_0520000,PF3D7_1105400,0.875393906449289
PF3D7_0520000,PF3D7_1026800,0.698536801483733
PF3D7_0520000,PF3D7_0317600,0.815699590878585
PF3D7_0520000,PF3D7_0210100,0.66189849366018
PF3D7_0520000,PF3D7_0821700,0.74739123882868
PF3D7_0520000,PF3D7_1302800,0.650629279282748
PF3D7_0520000,PF3D7_0710600,0.630188037811502
PF3D7_0520000,PF3D7_1331800,0.714202963208513
PF3D7_1358800,PF3D7_0517000,0.736340555548206
PF3D7_1358800,PF3D7_1351400,0.877480595029624
PF3D7_1358800,PF3D7_1431700,0.848416900360539
PF3D7_1358800,PF3D7_1421200,0.94648291769134
PF3D7_1358800,PF3D7_0516900,0.864770542513791
PF3D7_1358800,PF3D7_1142600,0.732429633145136
PF3D7_1358800,PF3D7_1003500,0.68140024887475
PF3D7_1358800,PF3D7_1414300,0.951041219839962
PF3D7_1358800,PF3D7_1424400,0.863889989216267
PF3D7_1358800,PF3D7_1341200,0.866588346582366
PF3D7_1358800,PF3D7_1461300,0.859480217752579
PF3D7_1358800,PF3D7_0618300,0.868061147397455
PF3D7_1358800,PF3D7_0307200,0.905961553856453
PF3D7_1358800,PF3D7_1408600,0.828937263117385
PF3D7_1358800,PF3D7_0706400,0.837373707202115
PF3D7_1358800,PF3D7_1447000,0.748643542176101
PF3D7_1358800,PF3D7_0614500,0.84167759329461
PF3D7_1358800,PF3D7_0516200,0.910648191787741
PF3D7_1358800,PF3D7_1130100,0.802030437268997
PF3D7_1358800,PF3D7_1105400,0.787995463621292
PF3D7_1358800,PF3D7_1026800,0.751393028541725
PF3D7_1358800,PF3D7_0317600,0.775423162651577
PF3D7_1358800,PF3D7_0210100,0.804300244767655
PF3D7_1358800,PF3D7_0821700,0.745131383463831
PF3D7_1358800,PF3D7_1302800,0.767817248718113
PF3D7_1358800,PF3D7_0710600,0.832016051288518
PF3D7_1358800,PF3D7_0507100,0.622517324552851
PF3D7_1358800,PF3D7_1331800,0.66355260960262
PF3D7_0517000,PF3D7_1351400,0.838563740556772
PF3D7_0517000,PF3D7_1431700,0.80343933994108
PF3D7_0517000,PF3D7_1421200,0.671806288628261
PF3D7_0517000,PF3D7_0516900,0.635031147260583
PF3D7_0517000,PF3D7_1142600,0.769039376323919
PF3D7_0517000,PF3D7_1424400,0.700837787613401
PF3D7_0517000,PF3D7_1461300,0.679322801441507
PF3D7_0517000,PF3D7_0618300,0.628211762296988
PF3D7_0517000,PF3D7_0307200,0.585895933398855
PF3D7_0517000,PF3D7_1408600,0.509904399016264
PF3D7_0517000,PF3D7_0706400,0.702943260588595
PF3D7_0517000,PF3D7_1447000,0.632585366670383
PF3D7_0517000,PF3D7_0516200,0.725468792573652
PF3D7_0517000,PF3D7_1130100,0.790550386559416
PF3D7_0517000,PF3D7_1105400,0.822768652370144
PF3D7_0517000,PF3D7_1026800,0.604535940321467
PF3D7_0517000,PF3D7_0317600,0.814808690683348
PF3D7_0517000,PF3D7_0507100,0.50837729974905
PF3D7_1351400,PF3D7_1431700,0.874498144353374
PF3D7_1351400,PF3D7_1421200,0.843561065567737
PF3D7_1351400,PF3D7_0516900,0.7857600628749
PF3D7_1351400,PF3D7_1142600,0.792968877266677
PF3D7_1351400,PF3D7_1003500,0.685642173601224
PF3D7_1351400,PF3D7_1414300,0.838899519764824
PF3D7_1351400,PF3D7_1424400,0.83295579674498
PF3D7_1351400,PF3D7_1341200,0.85523574620769
PF3D7_1351400,PF3D7_1461300,0.755886083057619
PF3D7_1351400,PF3D7_0618300,0.781362075562032
PF3D7_1351400,PF3D7_0307200,0.673015015740129
PF3D7_1351400,PF3D7_1408600,0.78330373466573
PF3D7_1351400,PF3D7_0706400,0.720169120519108
PF3D7_1351400,PF3D7_1447000,0.934279168889713
PF3D7_1351400,PF3D7_0614500,0.80142527597257
PF3D7_1351400,PF3D7_0516200,0.78414331284285
PF3D7_1351400,PF3D7_1130100,0.569935361800421
PF3D7_1351400,PF3D7_1105400,0.8842711222384
PF3D7_1351400,PF3D7_1026800,0.647173467543349
PF3D7_1351400,PF3D7_0210100,0.66886290687273
PF3D7_1351400,PF3D7_0710600,0.629456556228295
PF3D7_1351400,PF3D7_0507100,0.595204284379973
PF3D7_1351400,PF3D7_1331800,0.57931194346212
PF3D7_1431700,PF3D7_1421200,0.870015459659337
PF3D7_1431700,PF3D7_0516900,0.883908256252481
PF3D7_1431700,PF3D7_1142600,0.784590156467177
PF3D7_1431700,PF3D7_1003500,0.871150277151274
PF3D7_1431700,PF3D7_1414300,0.832890507981126
PF3D7_1431700,PF3D7_1424400,0.773661020285707
PF3D7_1431700,PF3D7_1341200,0.970196412663324
PF3D7_1431700,PF3D7_1461300,0.684780807983697
PF3D7_1431700,PF3D7_0618300,0.844505176566055
PF3D7_1431700,PF3D7_0307200,0.847118253106259
PF3D7_1431700,PF3D7_1408600,0.667383978903512
PF3D7_1431700,PF3D7_0706400,0.89898806203428
PF3D7_1431700,PF3D7_1447000,0.674903347305032
PF3D7_1431700,PF3D7_0614500,0.816008730018965
PF3D7_1431700,PF3D7_0516200,0.827756070224625
PF3D7_1431700,PF3D7_1130100,0.626196324226648
PF3D7_1431700,PF3D7_1105400,0.82581343524204
PF3D7_1431700,PF3D7_1026800,0.716276347078391
PF3D7_1431700,PF3D7_0317600,0.74500395356446
PF3D7_1431700,PF3D7_0821700,0.758189215229477
PF3D7_1431700,PF3D7_1302800,0.701186904520076
PF3D7_1431700,PF3D7_0710600,0.906346573201514
PF3D7_1431700,PF3D7_0507100,0.757869959923756
PF3D7_1431700,PF3D7_1331800,0.68633569925954
PF3D7_1421200,PF3D7_0516900,0.725723021110715
PF3D7_1421200,PF3D7_1142600,0.657535147682435
PF3D7_1421200,PF3D7_1003500,0.927678794547891
PF3D7_1421200,PF3D7_1414300,0.84954692171728
PF3D7_1421200,PF3D7_1424400,0.809977757415867
PF3D7_1421200,PF3D7_1341200,0.899905793319138
PF3D7_1421200,PF3D7_1461300,0.893058126906064
PF3D7_1421200,PF3D7_0618300,0.84591423990322
PF3D7_1421200,PF3D7_0307200,0.88472015579511
PF3D7_1421200,PF3D7_1408600,0.823391901022784
PF3D7_1421200,PF3D7_0706400,0.792605345338912
PF3D7_1421200,PF3D7_1447000,0.896973930676826
PF3D7_1421200,PF3D7_0614500,0.660593611946233
PF3D7_1421200,PF3D7_0516200,0.882737674723447
PF3D7_1421200,PF3D7_1130100,0.875144668282989
PF3D7_1421200,PF3D7_1105400,0.819781273125305
PF3D7_1421200,PF3D7_1026800,0.832697362030445
PF3D7_1421200,PF3D7_0317600,0.84818367611899
PF3D7_1421200,PF3D7_0210100,0.755853305716775
PF3D7_1421200,PF3D7_0821700,0.757896795744199
PF3D7_1421200,PF3D7_1302800,0.727464486434084
PF3D7_1421200,PF3D7_0710600,0.746148328579509
PF3D7_0516900,PF3D7_1142600,0.676862855695475
PF3D7_0516900,PF3D7_1003500,0.746329185662073
PF3D7_0516900,PF3D7_1414300,0.854625969891236
PF3D7_0516900,PF3D7_1424400,0.892552922668038
PF3D7_0516900,PF3D7_1341200,0.924035928838821
PF3D7_0516900,PF3D7_1461300,0.637589364701271
PF3D7_0516900,PF3D7_0618300,0.710517867569395
PF3D7_0516900,PF3D7_0307200,0.749969537878673
PF3D7_0516900,PF3D7_1408600,0.765179663286289
PF3D7_0516900,PF3D7_0706400,0.838183836483994
PF3D7_0516900,PF3D7_1447000,0.651464576904317
PF3D7_0516900,PF3D7_0614500,0.814872381511221
PF3D7_0516900,PF3D7_0516200,0.80567003659673
PF3D7_0516900,PF3D7_1130100,0.851708307919014
PF3D7_0516900,PF3D7_1105400,0.690053575947898
PF3D7_0516900,PF3D7_1026800,0.561193396961838
PF3D7_0516900,PF3D7_0317600,0.711497910635365
PF3D7_0516900,PF3D7_0821700,0.603415193745846
PF3D7_0516900,PF3D7_1302800,0.65553890986693
PF3D7_0516900,PF3D7_0710600,0.915543160026899
PF3D7_0516900,PF3D7_0507100,0.690718498338048
PF3D7_0516900,PF3D7_1331800,0.692491533865406
PF3D7_1142600,PF3D7_1414300,0.739002948800116
PF3D7_1142600,PF3D7_1424400,0.779883111380935
PF3D7_1142600,PF3D7_1341200,0.740831840734851
PF3D7_1142600,PF3D7_1461300,0.621346249370015
PF3D7_1142600,PF3D7_0618300,0.781850227871431
PF3D7_1142600,PF3D7_1408600,0.611950533896869
PF3D7_1142600,PF3D7_0706400,0.817140417848284
PF3D7_1142600,PF3D7_1447000,0.624317369694809
PF3D7_1142600,PF3D7_0614500,0.58119056132141
PF3D7_1142600,PF3D7_0516200,0.790235790069904
PF3D7_1142600,PF3D7_1130100,0.758427042158419
PF3D7_1142600,PF3D7_1105400,0.642092168470072
PF3D7_1142600,PF3D7_0317600,0.799159530595954
PF3D7_1142600,PF3D7_0507100,0.476270302403968
PF3D7_1003500,PF3D7_1414300,0.926285734924654
PF3D7_1003500,PF3D7_1424400,0.683585788505946
PF3D7_1003500,PF3D7_1341200,0.809262782443876
PF3D7_1003500,PF3D7_1461300,0.902983273490728
PF3D7_1003500,PF3D7_0618300,0.727888217357448
PF3D7_1003500,PF3D7_0307200,0.725715809863289
PF3D7_1003500,PF3D7_1408600,0.843325043730292
PF3D7_1003500,PF3D7_0706400,0.814921992135199
PF3D7_1003500,PF3D7_1447000,0.752466315354862
PF3D7_1003500,PF3D7_0614500,0.789561827612101
PF3D7_1003500,PF3D7_0516200,0.90990968164082
PF3D7_1003500,PF3D7_1130100,0.864072884965528
PF3D7_1003500,PF3D7_1105400,0.774523891182341
PF3D7_1003500,PF3D7_1026800,0.743039085465379
PF3D7_1003500,PF3D7_0210100,0.538222899372057
PF3D7_1003500,PF3D7_1302800,0.784958319283878
PF3D7_1003500,PF3D7_0710600,0.880804707196809
PF3D7_1003500,PF3D7_0507100,0.652852268525084
PF3D7_1003500,PF3D7_1331800,0.780430718858491
PF3D7_1414300,PF3D7_1424400,0.896711472685813
PF3D7_1414300,PF3D7_1341200,0.775009972161655
PF3D7_1414300,PF3D7_1461300,0.766128024028051
PF3D7_1414300,PF3D7_0618300,0.765592091859016
PF3D7_1414300,PF3D7_0307200,0.843287973608594
PF3D7_1414300,PF3D7_1408600,0.780583985021753
PF3D7_1414300,PF3D7_0706400,0.6035530010151
PF3D7_1414300,PF3D7_1447000,0.894426935710451
PF3D7_1414300,PF3D7_0614500,0.818271506075716
PF3D7_1414300,PF3D7_0516200,0.803487405719762
PF3D7_1414300,PF3D7_1130100,0.679243389702718
PF3D7_1414300,PF3D7_1105400,0.829111136166016
PF3D7_1414300,PF3D7_0210100,0.779897837379007
PF3D7_1414300,PF3D7_0821700,0.712244468303268
PF3D7_1414300,PF3D7_1302800,0.653142092647021
PF3D7_1414300,PF3D7_0710600,0.838123848668487
PF3D7_1414300,PF3D7_0507100,0.656659650904092
PF3D7_1414300,PF3D7_1331800,0.697999673693672
PF3D7_1424400,PF3D7_1341200,0.888763693910474
PF3D7_1424400,PF3D7_1461300,0.829925477436791
PF3D7_1424400,PF3D7_0618300,0.866522871806836
PF3D7_1424400,PF3D7_0307200,0.717657533784587
PF3D7_1424400,PF3D7_1408600,0.963209963613219
PF3D7_1424400,PF3D7_0706400,0.94310812836199
PF3D7_1424400,PF3D7_1447000,0.780788944065349
PF3D7_1424400,PF3D7_0614500,0.834709266590352
PF3D7_1424400,PF3D7_0516200,0.813687297397046
PF3D7_1424400,PF3D7_1130100,0.827613334740634
PF3D7_1424400,PF3D7_1105400,0.816432819009049
PF3D7_1424400,PF3D7_1026800,0.618253831469488
PF3D7_1424400,PF3D7_0317600,0.781776501175565
PF3D7_1424400,PF3D7_0210100,0.694814999312509
PF3D7_1424400,PF3D7_0821700,0.540042157095098
PF3D7_1424400,PF3D7_1302800,0.596304474360665
PF3D7_1424400,PF3D7_0710600,0.79902884420823
PF3D7_1424400,PF3D7_0507100,0.700666017334
PF3D7_1424400,PF3D7_1331800,0.743318701030495
PF3D7_1341200,PF3D7_0618300,0.70881092330496
PF3D7_1341200,PF3D7_0307200,0.854156047255694
PF3D7_1341200,PF3D7_1408600,0.865413750987825
PF3D7_1341200,PF3D7_0706400,0.842645132290213
PF3D7_1341200,PF3D7_1447000,0.765622006109927
PF3D7_1341200,PF3D7_0614500,0.915247717174863
PF3D7_1341200,PF3D7_0516200,0.775667056561411
PF3D7_1341200,PF3D7_1130100,0.825651512725466
PF3D7_1341200,PF3D7_1105400,0.838032331897701
PF3D7_1341200,PF3D7_1026800,0.745149282314254
PF3D7_1341200,PF3D7_0210100,0.609787462785546
PF3D7_1341200,PF3D7_0821700,0.665948134484918
PF3D7_1341200,PF3D7_1302800,0.687134009818296
PF3D7_1341200,PF3D7_0710600,0.716985069422609
PF3D7_1341200,PF3D7_0507100,0.782669793442517
PF3D7_1341200,PF3D7_1331800,0.769343935883646
PF3D7_1461300,PF3D7_0618300,0.862001290006566
PF3D7_1461300,PF3D7_0307200,0.876752998746649
PF3D7_1461300,PF3D7_1408600,0.770959608167959
PF3D7_1461300,PF3D7_0706400,0.765434584116759
PF3D7_1461300,PF3D7_1447000,0.897517849650211
PF3D7_1461300,PF3D7_0614500,0.681877155819681
PF3D7_1461300,PF3D7_1130100,0.630354920085154
PF3D7_1461300,PF3D7_1105400,0.740609145795053
PF3D7_1461300,PF3D7_0317600,0.800410167456096
PF3D7_1461300,PF3D7_0821700,0.744562316689951
PF3D7_1461300,PF3D7_1302800,0.633830140216984
PF3D7_1461300,PF3D7_1331800,0.706628989640523
PF3D7_0618300,PF3D7_0307200,0.733596661884446
PF3D7_0618300,PF3D7_1408600,0.896525540211691
PF3D7_0618300,PF3D7_0706400,0.939136308921005
PF3D7_0618300,PF3D7_1447000,0.852953826307227
PF3D7_0618300,PF3D7_0614500,0.766995230425155
PF3D7_0618300,PF3D7_0516200,0.65202594535221
PF3D7_0618300,PF3D7_1130100,0.820448120727903
PF3D7_0618300,PF3D7_1105400,0.821167126052664
PF3D7_0618300,PF3D7_1026800,0.72506575854321
PF3D7_0618300,PF3D7_0317600,0.737338795823347
PF3D7_0618300,PF3D7_0210100,0.634068163505364
PF3D7_0618300,PF3D7_0821700,0.702907181496613
PF3D7_0618300,PF3D7_1302800,0.55722698122475
PF3D7_0618300,PF3D7_1331800,0.683403955636242
PF3D7_0307200,PF3D7_1408600,0.77495618700411
PF3D7_0307200,PF3D7_0706400,0.71174189577419
PF3D7_0307200,PF3D7_0614500,0.752776183113497
PF3D7_0307200,PF3D7_0516200,0.778700634935783
PF3D7_0307200,PF3D7_1130100,0.737321621296297
PF3D7_0307200,PF3D7_1105400,0.614921977809291
PF3D7_0307200,PF3D7_1026800,0.696453609331861
PF3D7_0307200,PF3D7_0821700,0.839981933336624
PF3D7_0307200,PF3D7_1302800,0.792230842176174
PF3D7_0307200,PF3D7_0710600,0.755079446791271
PF3D7_0307200,PF3D7_0507100,0.737819738244955
PF3D7_0307200,PF3D7_1331800,0.816691156694667
PF3D7_1408600,PF3D7_0706400,0.919725344015856
PF3D7_1408600,PF3D7_1447000,0.596205921693756
PF3D7_1408600,PF3D7_0614500,0.914343352101574
PF3D7_1408600,PF3D7_0516200,0.751620406677947
PF3D7_1408600,PF3D7_1130100,0.680567819700959
PF3D7_1408600,PF3D7_1105400,0.752316954645528
PF3D7_1408600,PF3D7_1026800,0.676325073855442
PF3D7_1408600,PF3D7_0317600,0.736401614922495
PF3D7_1408600,PF3D7_0210100,0.738964327476201
PF3D7_1408600,PF3D7_0821700,0.684052170127262
PF3D7_1408600,PF3D7_1302800,0.614829261610929
PF3D7_1408600,PF3D7_0710600,0.8390327568409
PF3D7_1408600,PF3D7_0507100,0.655725041770928
PF3D7_1408600,PF3D7_1331800,0.807632001704198
PF3D7_0706400,PF3D7_1447000,0.539936958099491
PF3D7_0706400,PF3D7_0614500,0.824052034961495
PF3D7_0706400,PF3D7_0516200,0.683608913211489
PF3D7_0706400,PF3D7_1130100,0.657609375893776
PF3D7_0706400,PF3D7_1105400,0.790036442142295
PF3D7_0706400,PF3D7_1026800,0.728060009649948
PF3D7_0706400,PF3D7_0317600,0.720115829370459
PF3D7_0706400,PF3D7_0210100,0.700630614704409
PF3D7_0706400,PF3D7_0821700,0.733015688586598
PF3D7_0706400,PF3D7_0710600,0.654439643804654
PF3D7_0706400,PF3D7_0507100,0.556627750485943
PF3D7_0706400,PF3D7_1331800,0.742418816515892
PF3D7_1447000,PF3D7_0614500,0.616449011648107
PF3D7_1447000,PF3D7_0516200,0.77878805749241
PF3D7_1447000,PF3D7_1130100,0.804439855271637
PF3D7_1447000,PF3D7_1105400,0.832328189927827
PF3D7_1447000,PF3D7_1026800,0.796936883869396
PF3D7_1447000,PF3D7_0317600,0.642894430391905
PF3D7_1447000,PF3D7_0210100,0.696714719660011
PF3D7_1447000,PF3D7_0821700,0.569481434872915
PF3D7_1447000,PF3D7_0710600,0.582961331809818
PF3D7_0614500,PF3D7_0516200,0.872861602928774
PF3D7_0614500,PF3D7_1130100,0.725014000972866
PF3D7_0614500,PF3D7_1105400,0.749055935142883
PF3D7_0614500,PF3D7_1026800,0.718242237832394
PF3D7_0614500,PF3D7_0317600,0.721198392523743
PF3D7_0614500,PF3D7_0210100,0.543647026117208
PF3D7_0614500,PF3D7_0821700,0.642790724151244
PF3D7_0614500,PF3D7_1302800,0.678863332831091
PF3D7_0614500,PF3D7_0710600,0.896163976868156
PF3D7_0614500,PF3D7_0507100,0.689707182863871
PF3D7_0614500,PF3D7_1331800,0.78112158390753
PF3D7_0516200,PF3D7_1130100,0.867389941487776
PF3D7_0516200,PF3D7_1105400,0.868914662374471
PF3D7_0516200,PF3D7_1026800,0.668562453045097
PF3D7_0516200,PF3D7_0317600,0.796894767975276
PF3D7_0516200,PF3D7_0210100,0.623355022205774
PF3D7_0516200,PF3D7_0821700,0.715146410210972
PF3D7_0516200,PF3D7_1302800,0.689855063045086
PF3D7_0516200,PF3D7_0710600,0.618964520075856
PF3D7_0516200,PF3D7_0507100,0.684097651698426
PF3D7_0516200,PF3D7_1331800,0.682936988057227
PF3D7_1130100,PF3D7_1026800,0.772285123974858
PF3D7_1130100,PF3D7_0210100,0.749594157688077
PF3D7_1130100,PF3D7_0821700,0.798169808816438
PF3D7_1130100,PF3D7_1302800,0.583596333856178
PF3D7_1130100,PF3D7_0710600,0.597715274996683
PF3D7_1130100,PF3D7_0507100,0.604321832508366
PF3D7_1130100,PF3D7_1331800,0.846914174281813
PF3D7_1105400,PF3D7_1026800,0.669009126171918
PF3D7_1105400,PF3D7_0317600,0.899355494896825
PF3D7_1105400,PF3D7_0821700,0.654428693378379
PF3D7_1105400,PF3D7_1302800,0.581547960191999
PF3D7_1105400,PF3D7_0710600,0.717424857824193
PF3D7_1105400,PF3D7_0507100,0.660411790226768
PF3D7_1105400,PF3D7_1331800,0.664058940040904
PF3D7_1026800,PF3D7_0821700,0.666713302517426
PF3D7_1026800,PF3D7_1302800,0.675980659904511
PF3D7_1026800,PF3D7_0507100,0.559886430501698
PF3D7_1026800,PF3D7_1331800,0.759526327985675
PF3D7_0317600,PF3D7_0210100,0.61465466876478
PF3D7_0317600,PF3D7_0821700,0.54155042668329
PF3D7_0317600,PF3D7_0507100,0.550929299825691
PF3D7_0210100,PF3D7_0710600,0.533959677190374
PF3D7_0210100,PF3D7_1331800,0.522552602656272
PF3D7_0821700,PF3D7_1302800,0.766953070818638
PF3D7_0821700,PF3D7_0710600,0.668038451371411
PF3D7_0821700,PF3D7_0507100,0.617440402353747
PF3D7_0821700,PF3D7_1331800,0.635960378950532
PF3D7_1302800,PF3D7_0710600,0.6502737587762
PF3D7_1302800,PF3D7_0507100,0.684252656257931
PF3D7_1302800,PF3D7_1331800,0.600008161665821
PF3D7_0710600,PF3D7_0507100,0.646954754968508
PF3D7_0710600,PF3D7_1331800,0.632139573170963
PF3D7_0727400,PF3D7_1328100,0.981668855984831
PF3D7_0727400,PF3D7_1353900,0.966639930473012
PF3D7_0727400,PF3D7_1474800,0.941724862914742
PF3D7_0727400,PF3D7_0807500,0.959608475601812
PF3D7_0727400,PF3D7_0608500,0.83575091908911
PF3D7_0727400,PF3D7_0108000,0.789871614526186
PF3D7_0727400,PF3D7_0803800,0.792280850663871
PF3D7_0727400,PF3D7_1470900,0.664894685953957
PF3D7_0727400,PF3D7_0931800,0.710673073354496
PF3D7_0727400,PF3D7_0518300,0.683903377942063
PF3D7_0727400,PF3D7_0317000,0.745411209835826
PF3D7_0727400,PF3D7_1353800,0.697383263788218
PF3D7_1328100,PF3D7_1353900,0.920442166128813
PF3D7_1328100,PF3D7_1474800,0.965102625802955
PF3D7_1328100,PF3D7_0807500,0.91940066409848
PF3D7_1328100,PF3D7_0608500,0.902492458030162
PF3D7_1328100,PF3D7_0108000,0.846516017178407
PF3D7_1328100,PF3D7_0803800,0.844699647076164
PF3D7_1328100,PF3D7_1470900,0.740825235016146
PF3D7_1328100,PF3D7_0931800,0.734717615781977
PF3D7_1328100,PF3D7_0518300,0.865635729482392
PF3D7_1328100,PF3D7_1366500,0.740642160590096
PF3D7_1328100,PF3D7_0317000,0.615013157098895
PF3D7_1328100,PF3D7_1353800,0.705708001913974
PF3D7_1353900,PF3D7_1474800,0.969692115217552
PF3D7_1353900,PF3D7_0807500,0.9365163394042
PF3D7_1353900,PF3D7_0608500,0.873037059207157
PF3D7_1353900,PF3D7_0108000,0.665956254036338
PF3D7_1353900,PF3D7_0803800,0.749961091933772
PF3D7_1353900,PF3D7_1470900,0.736106741059856
PF3D7_1353900,PF3D7_0931800,0.660762874383313
PF3D7_1353900,PF3D7_0518300,0.762461648062414
PF3D7_1353900,PF3D7_1366500,0.611825124573722
PF3D7_1353900,PF3D7_0317000,0.579966313995707
PF3D7_1353900,PF3D7_1353800,0.674117117927771
PF3D7_1474800,PF3D7_0807500,0.92551340656764
PF3D7_1474800,PF3D7_0608500,0.940896416006616
PF3D7_1474800,PF3D7_0108000,0.829176543826299
PF3D7_1474800,PF3D7_0803800,0.810610912312662
PF3D7_1474800,PF3D7_1470900,0.704698608821868
PF3D7_1474800,PF3D7_0931800,0.841879514714411
PF3D7_1474800,PF3D7_0518300,0.780411744317348
PF3D7_1474800,PF3D7_1366500,0.598950579574996
PF3D7_1474800,PF3D7_0317000,0.744926492079609
PF3D7_1474800,PF3D7_1353800,0.79701115858183
PF3D7_0807500,PF3D7_0608500,0.968338059276391
PF3D7_0807500,PF3D7_0108000,0.910976538012291
PF3D7_0807500,PF3D7_0803800,0.849948134400854
PF3D7_0807500,PF3D7_1470900,0.809941158057762
PF3D7_0807500,PF3D7_0931800,0.882978375348167
PF3D7_0807500,PF3D7_0518300,0.863159592657178
PF3D7_0807500,PF3D7_1366500,0.606922427719544
PF3D7_0807500,PF3D7_0317000,0.759828649914725
PF3D7_0807500,PF3D7_1353800,0.753214058478165
PF3D7_0608500,PF3D7_0108000,0.948112337981764
PF3D7_0608500,PF3D7_0803800,0.760391889965517
PF3D7_0608500,PF3D7_1470900,0.833325836683373
PF3D7_0608500,PF3D7_0931800,0.822833751234269
PF3D7_0608500,PF3D7_0518300,0.857303160952441
PF3D7_0608500,PF3D7_1366500,0.703114085822334
PF3D7_0608500,PF3D7_0317000,0.805153928478634
PF3D7_0608500,PF3D7_1353800,0.737106869126056
PF3D7_0108000,PF3D7_1470900,0.77446906900037
PF3D7_0108000,PF3D7_0931800,0.784206588893887
PF3D7_0108000,PF3D7_0518300,0.839620321999353
PF3D7_0108000,PF3D7_1366500,0.644372328077935
PF3D7_0108000,PF3D7_0317000,0.749010694918767
PF3D7_0108000,PF3D7_1353800,0.687440084746307
PF3D7_0803800,PF3D7_1470900,0.864148764379353
PF3D7_0803800,PF3D7_0931800,0.631919148318526
PF3D7_0803800,PF3D7_0518300,0.824443300782981
PF3D7_0803800,PF3D7_1366500,0.802994592949872
PF3D7_0803800,PF3D7_0317000,0.601699353528579
PF3D7_0803800,PF3D7_1353800,0.688351275382886
PF3D7_1470900,PF3D7_0931800,0.662953716596696
PF3D7_1470900,PF3D7_0518300,0.707202538011539
PF3D7_1470900,PF3D7_1366500,0.883282475988935
PF3D7_1470900,PF3D7_0317000,0.688906168258552
PF3D7_0931800,PF3D7_0518300,0.799696699026775
PF3D7_0931800,PF3D7_1366500,0.528323857278764
PF3D7_0931800,PF3D7_0317000,0.85970367780717
PF3D7_0931800,PF3D7_1353800,0.637090391782427
PF3D7_0518300,PF3D7_0317000,0.606068215161025
PF3D7_0518300,PF3D7_1353800,0.606738531312633
PF3D7_0932200,PF3D7_0917900,0.971492044388891
PF3D7_0932200,PF3D7_0827900,0.889447222301419
PF3D7_0932200,PF3D7_1134000,0.854235781601013
PF3D7_0932200,PF3D7_1428300,0.814891373353884
PF3D7_0932200,PF3D7_1436000,0.776282230872457
PF3D7_0932200,PF3D7_1346300,0.744888794424309
PF3D7_0932200,PF3D7_1347500,0.738425709633002
PF3D7_0932200,PF3D7_0920800,0.696545582605335
PF3D7_0932200,PF3D7_1332900,0.679024869359946
PF3D7_0932200,PF3D7_1407800,0.546267811095684
PF3D7_0932200,PF3D7_1408000,0.519803715507861
PF3D7_0932200,PF3D7_0708800,0.514671499077535
PF3D7_0932200,PF3D7_1238100,0.489160739361702
PF3D7_0932200,PF3D7_0814200,0.363002084521898
PF3D7_0932200,PF3D7_1324900,0.271904967191699
PF3D7_0932200,PF3D7_0617800,0.235759667729887
PF3D7_0932200,PF3D7_0936600,0.480865443242832
PF3D7_0932200,PF3D7_0922200,0.387210840242902
PF3D7_0932200,PF3D7_0818200,0.230328175088679
PF3D7_0917900,PF3D7_0827900,0.779904530938453
PF3D7_0917900,PF3D7_1134000,0.825767795339534
PF3D7_0917900,PF3D7_1428300,0.717948161896211
PF3D7_0917900,PF3D7_1436000,0.738622793727229
PF3D7_0917900,PF3D7_1346300,0.614755294974726
PF3D7_0917900,PF3D7_1347500,0.681229363966927
PF3D7_0917900,PF3D7_0920800,0.699154663909737
PF3D7_0917900,PF3D7_1407800,0.560262315725598
PF3D7_0917900,PF3D7_1238100,0.426773142593513
PF3D7_0917900,PF3D7_0814200,0.396548774879346
PF3D7_0917900,PF3D7_1324900,0.289962622633243
PF3D7_0917900,PF3D7_0617800,0.226727634186762
PF3D7_0917900,PF3D7_0818200,0.243181896961144
PF3D7_0917900,PF3D7_0608800,0.116767659582442
PF3D7_0917900,PF3D7_1434800,0.0989838107574364
PF3D7_0917900,PF3D7_1006200,0.0627679921594134
PF3D7_0917900,PF3D7_1204300,0.0397268672304593
PF3D7_0827900,PF3D7_1134000,0.806911474281845
PF3D7_0827900,PF3D7_1428300,0.681465267439114
PF3D7_0827900,PF3D7_1436000,0.72829040036594
PF3D7_0827900,PF3D7_1346300,0.530185968245538
PF3D7_0827900,PF3D7_1347500,0.707471170212145
PF3D7_0827900,PF3D7_0920800,0.73168635065148
PF3D7_0827900,PF3D7_1332900,0.574938677278105
PF3D7_0827900,PF3D7_0708800,0.594244526951762
PF3D7_0827900,PF3D7_1238100,0.431923962658438
PF3D7_0827900,PF3D7_0814200,0.382160108435649
PF3D7_0827900,PF3D7_1324900,0.418070310311659
PF3D7_0827900,PF3D7_0922200,0.415396588217445
PF3D7_0827900,PF3D7_0818200,0.373845668642224
PF3D7_0827900,PF3D7_0608800,0.136153829939852
PF3D7_1134000,PF3D7_1428300,0.765894613481755
PF3D7_1134000,PF3D7_1436000,0.628622500480092
PF3D7_1134000,PF3D7_1346300,0.593917662545565
PF3D7_1134000,PF3D7_1347500,0.752943463741982
PF3D7_1134000,PF3D7_0920800,0.704782729749164
PF3D7_1134000,PF3D7_1332900,0.608219237611985
PF3D7_1134000,PF3D7_1408000,0.534083586323236
PF3D7_1134000,PF3D7_0708800,0.517319894893528
PF3D7_1134000,PF3D7_1238100,0.510692643508448
PF3D7_1134000,PF3D7_0814200,0.406456150237438
PF3D7_1134000,PF3D7_1324900,0.283631368301001
PF3D7_1134000,PF3D7_0617800,0.265604824635926
PF3D7_1134000,PF3D7_0922200,0.407249607585872
PF3D7_1134000,PF3D7_0608800,0.0958863451843078
PF3D7_1428300,PF3D7_1436000,0.552783223884971
PF3D7_1428300,PF3D7_1346300,0.8757269357397
PF3D7_1428300,PF3D7_1347500,0.489768679375599
PF3D7_1428300,PF3D7_0920800,0.815204455236994
PF3D7_1428300,PF3D7_1332900,0.71828712748387
PF3D7_1428300,PF3D7_1407800,0.511572485615707
PF3D7_1428300,PF3D7_1408000,0.614434489136866
PF3D7_1428300,PF3D7_0708800,0.447268523503469
PF3D7_1428300,PF3D7_1238100,0.605678151827916
PF3D7_1428300,PF3D7_0814200,0.271302509628931
PF3D7_1428300,PF3D7_0617800,0.283776221349634
PF3D7_1428300,PF3D7_0936600,0.605552489085257
PF3D7_1428300,PF3D7_0922200,0.494813675083995
PF3D7_1436000,PF3D7_1347500,0.768963466410041
PF3D7_1436000,PF3D7_0920800,0.824193394111444
PF3D7_1436000,PF3D7_1332900,0.602307492426327
PF3D7_1436000,PF3D7_0708800,0.558761033384731
PF3D7_1436000,PF3D7_1238100,0.573720192226272
PF3D7_1436000,PF3D7_0814200,0.308036165205812
PF3D7_1436000,PF3D7_1324900,0.303099643253521
PF3D7_1346300,PF3D7_1347500,0.621033224044991
PF3D7_1346300,PF3D7_0920800,0.744770438130355
PF3D7_1346300,PF3D7_1407800,0.516029299054428
PF3D7_1346300,PF3D7_1408000,0.56715165665897
PF3D7_1346300,PF3D7_1238100,0.539958086648345
PF3D7_1346300,PF3D7_0814200,0.317678240720016
PF3D7_1346300,PF3D7_0936600,0.664607975058115
PF3D7_1346300,PF3D7_0922200,0.475774623956434
PF3D7_1347500,PF3D7_0920800,0.696123756983806
PF3D7_1347500,PF3D7_1238100,0.502928140797381
PF3D7_1347500,PF3D7_0814200,0.326777862760352
PF3D7_1347500,PF3D7_1324900,0.305132154179779
PF3D7_1347500,PF3D7_0922200,0.355425244217305
PF3D7_1347500,PF3D7_0818200,0.209462645268894
PF3D7_0920800,PF3D7_1332900,0.67354818400413
PF3D7_0920800,PF3D7_1408000,0.447218617366837
PF3D7_0920800,PF3D7_0708800,0.42325636028882
PF3D7_0920800,PF3D7_1238100,0.75553217717623
PF3D7_0920800,PF3D7_0814200,0.346952192308891
PF3D7_0920800,PF3D7_0936600,0.638384170875311
PF3D7_1332900,PF3D7_0708800,0.431384121844729
PF3D7_1332900,PF3D7_1238100,0.574427630444506
PF3D7_1332900,PF3D7_0617800,0.241864780768004
PF3D7_1407800,PF3D7_1408000,0.781942879116358
PF3D7_1407800,PF3D7_1238100,0.40524170532481
PF3D7_1407800,PF3D7_0617800,0.387487021724178
PF3D7_1407800,PF3D7_0922200,0.391767813031528
PF3D7_1407800,PF3D7_1006200,0.0982720688538443
PF3D7_1408000,PF3D7_1238100,0.641001952223977
PF3D7_1408000,PF3D7_0617800,0.379815171770612
PF3D7_0708800,PF3D7_1324900,0.462535884466708
PF3D7_0708800,PF3D7_0922200,0.335937967521893
PF3D7_0708800,PF3D7_0818200,0.462103036248194
PF3D7_1238100,PF3D7_0936600,0.547033747714923
PF3D7_1238100,PF3D7_1434800,0.112404004894919
PF3D7_0814200,PF3D7_0936600,0.282650020231725
PF3D7_0814200,PF3D7_0818200,0.302244625443091
PF3D7_1324900,PF3D7_0818200,0.775687339792402
PF3D7_0617800,PF3D7_1006200,0.0648259802484624
PF3D7_1302600,PF3D7_1466800,0.968490204782066
PF3D7_1302600,PF3D7_1466300,0.79841086397484
PF3D7_1302600,PF3D7_1211400,0.73051587351535
PF3D7_1302600,PF3D7_1206800,0.627507364058201
PF3D7_1302600,PF3D7_0205400,0.604610921406881
PF3D7_1302600,PF3D7_1228600,0.623227431936528
PF3D7_1302600,PF3D7_1236100,0.438178459296
PF3D7_1302600,PF3D7_1244600,0.454851690979445
PF3D7_1302600,PF3D7_1421000,0.318733635734002
PF3D7_1302600,PF3D7_0517300,0.245515294007103
PF3D7_1302600,PF3D7_1206200,0.225385913481321
PF3D7_1466800,PF3D7_1466300,0.808781567885081
PF3D7_1466800,PF3D7_1211400,0.701088824594774
PF3D7_1466800,PF3D7_1206800,0.65474400644409
PF3D7_1466800,PF3D7_0205400,0.575455644620974
PF3D7_1466800,PF3D7_1228600,0.647082987896532
PF3D7_1466800,PF3D7_1236100,0.47156575923046
PF3D7_1466800,PF3D7_1244600,0.437143224432245
PF3D7_1466800,PF3D7_1421000,0.42471641319659
PF3D7_1466300,PF3D7_1206800,0.684533568084227
PF3D7_1466300,PF3D7_0205400,0.514958150587787
PF3D7_1211400,PF3D7_1206800,0.606120066733505
PF3D7_1211400,PF3D7_0205400,0.518152020703617
PF3D7_1211400,PF3D7_1206200,0.325454335055752
PF3D7_1206800,PF3D7_0205400,0.606128693226153
PF3D7_1206800,PF3D7_1228600,0.661122181033035
PF3D7_1206800,PF3D7_1236100,0.525353419324403
PF3D7_1206800,PF3D7_1421000,0.624856562916724
PF3D7_0205400,PF3D7_1228600,0.696842030840785
PF3D7_0205400,PF3D7_1236100,0.59671861856978
PF3D7_0205400,PF3D7_1421000,0.47200717660607
PF3D7_0320300,PF3D7_1357800,0.963721400223218
PF3D7_0320300,PF3D7_0306800,0.877781657882072
PF3D7_0320300,PF3D7_0214000,0.939703099098939
PF3D7_0320300,PF3D7_1132200,0.887428146918612
PF3D7_0320300,PF3D7_1229500,0.80923005464262
PF3D7_0320300,PF3D7_0915400,0.695127812101611
PF3D7_0320300,PF3D7_0512600,0.639056434390863
PF3D7_0320300,PF3D7_0520600,0.51590257018279
PF3D7_0320300,PF3D7_1350100,0.480228642900629
PF3D7_0320300,PF3D7_0308200,0.811785964669028
PF3D7_0320300,PF3D7_1128100,0.493714092652454
PF3D7_0320300,PF3D7_0608700,0.827072889158015
PF3D7_0320300,PF3D7_1446200,0.22132839987842
PF3D7_1357800,PF3D7_0306800,0.962354866465946
PF3D7_1357800,PF3D7_0214000,0.930577547179002
PF3D7_1357800,PF3D7_1132200,0.81216700010129
PF3D7_1357800,PF3D7_1229500,0.861260680258569
PF3D7_1357800,PF3D7_0915400,0.720537111697448
PF3D7_1357800,PF3D7_0512600,0.688280815774236
PF3D7_1357800,PF3D7_0308200,0.843191917680363
PF3D7_1357800,PF3D7_1128100,0.51344856093641
PF3D7_1357800,PF3D7_0608700,0.754093780129663
PF3D7_0306800,PF3D7_0214000,0.814030637774481
PF3D7_0306800,PF3D7_1132200,0.93480424442756
PF3D7_0306800,PF3D7_1229500,0.750460566124328
PF3D7_0306800,PF3D7_0915400,0.748013662290396
PF3D7_0306800,PF3D7_0520600,0.546135805651237
PF3D7_0306800,PF3D7_1350100,0.411546461820189
PF3D7_0306800,PF3D7_0308200,0.858751936537658
PF3D7_0306800,PF3D7_0608700,0.82000913400935
PF3D7_0214000,PF3D7_1132200,0.934955635234216
PF3D7_0214000,PF3D7_1229500,0.8492530782753
PF3D7_0214000,PF3D7_0915400,0.770580999849522
PF3D7_0214000,PF3D7_0512600,0.645983531242012
PF3D7_0214000,PF3D7_0520600,0.498887780609021
PF3D7_0214000,PF3D7_1350100,0.474829589919924
PF3D7_0214000,PF3D7_0308200,0.882175396724198
PF3D7_0214000,PF3D7_1128100,0.46231062186344
PF3D7_0214000,PF3D7_0608700,0.759837699203687
PF3D7_0214000,PF3D7_1446200,0.212113384924134
PF3D7_1132200,PF3D7_1229500,0.731794527402414
PF3D7_1132200,PF3D7_0915400,0.750145500782532
PF3D7_1132200,PF3D7_0512600,0.661741567533917
PF3D7_1132200,PF3D7_0520600,0.482040407142248
PF3D7_1132200,PF3D7_0308200,0.860342657667828
PF3D7_1132200,PF3D7_0608700,0.849059718281364
PF3D7_1229500,PF3D7_0915400,0.944416922977947
PF3D7_1229500,PF3D7_0512600,0.547788660261411
PF3D7_1229500,PF3D7_0520600,0.684477474647503
PF3D7_1229500,PF3D7_1350100,0.630767042295422
PF3D7_1229500,PF3D7_0308200,0.680369917332625
PF3D7_1229500,PF3D7_1128100,0.352910515483293
PF3D7_1229500,PF3D7_0608700,0.61829495560862
PF3D7_0915400,PF3D7_0512600,0.58612759486594
PF3D7_0915400,PF3D7_0520600,0.720587358594265
PF3D7_0915400,PF3D7_1350100,0.668213407864258
PF3D7_0915400,PF3D7_1128100,0.446066783129228
PF3D7_0512600,PF3D7_1128100,0.551077245412983
PF3D7_0512600,PF3D7_1446200,0.195223516963935
PF3D7_0520600,PF3D7_1350100,0.671480463377534
PF3D7_1350100,PF3D7_1446200,0.235970089135282
PF3D7_0308200,PF3D7_0608700,0.704291965084157
PF3D7_1128100,PF3D7_1446200,0.254700707057118
PF3D7_0206700,PF3D7_0618500,0.904294293672235
PF3D7_0206700,PF3D7_0512200,0.789195281403738
PF3D7_0206700,PF3D7_1111500,0.392281310185309
PF3D7_0618500,PF3D7_0512200,0.772665994033538
PF3D7_0618500,PF3D7_1111500,0.334315938018336
PF3D7_0512200,PF3D7_1111500,0.346780145093219
PF3D7_1246200,PF3D7_0617200,0.866025896866871
PF3D7_1246200,PF3D7_1442300,0.704058967933085
PF3D7_1246200,PF3D7_1247400,0.455855941448634
PF3D7_1246200,PF3D7_1349200,0.350283654479296
PF3D7_1246200,PF3D7_0722400,0.334121687690711
PF3D7_1246200,PF3D7_1468700,0.3416577171616
PF3D7_1246200,PF3D7_0728000,0.275241561828749
PF3D7_0617200,PF3D7_1442300,0.620757355231815
PF3D7_0617200,PF3D7_1247400,0.458638167405642
PF3D7_0617200,PF3D7_0624000,0.402531666985677
PF3D7_0617200,PF3D7_1349200,0.3805951141926
PF3D7_0617200,PF3D7_0722400,0.369263115085137
PF3D7_0617200,PF3D7_1338300,0.267484172069136
PF3D7_0617200,PF3D7_1468700,0.208467342386376
PF3D7_0617200,PF3D7_0916700,0.204285292586444
PF3D7_1442300,PF3D7_1247400,0.447924018406384
PF3D7_1442300,PF3D7_1349200,0.412730797543567
PF3D7_1442300,PF3D7_0722400,0.309404912074179
PF3D7_1247400,PF3D7_1349200,0.775827138188408
PF3D7_1247400,PF3D7_0722400,0.620874476906504
PF3D7_1247400,PF3D7_1468700,0.16702764950766
PF3D7_1247400,PF3D7_0728000,0.327119405450835
PF3D7_0624000,PF3D7_1349200,0.218206935297203
PF3D7_0624000,PF3D7_0722400,0.181454998606698
PF3D7_1349200,PF3D7_0722400,0.774793579288366
PF3D7_1349200,PF3D7_0728000,0.180430678057802
PF3D7_1349200,PF3D7_0916700,0.319552516112963
PF3D7_0722400,PF3D7_1338300,0.164473432984856
PF3D7_0722400,PF3D7_0728000,0.19495879809445
PF3D7_0722400,PF3D7_0916700,0.521654708737741
PF3D7_1338300,PF3D7_0916700,0.38704441435475
PF3D7_0707200,PF3D7_1367800,0.865319054311208
PF3D7_0707200,PF3D7_0111000,0.842831831750145
PF3D7_0707200,PF3D7_1237600,0.52225660270794
PF3D7_0707200,PF3D7_0510100,0.334051659190373
PF3D7_1367800,PF3D7_0111000,0.725092196696393
PF3D7_1367800,PF3D7_1128600,0.299354409886992
PF3D7_1367800,PF3D7_1355700,0.294092549765597
PF3D7_0111000,PF3D7_1237600,0.465068261712002
PF3D7_1237600,PF3D7_1128600,0.231751891897814
PF3D7_0914700,PF3D7_1420700,0.850543482672405
PF3D7_0929400,PF3D7_0302500,0.834399094223928
PF3D7_0929400,PF3D7_0801800,0.578191225552106
PF3D7_0929400,PF3D7_1113700,0.555321177011556
PF3D7_0929400,PF3D7_1003300,0.516461502211286
PF3D7_0929400,PF3D7_0905400,0.412887493838858
PF3D7_0929400,PF3D7_0703400,0.417415669133155
PF3D7_0929400,PF3D7_1015300,0.328346351780663
PF3D7_0929400,PF3D7_0717700,0.0913125175913521
PF3D7_0302500,PF3D7_0801800,0.479784327370499
PF3D7_0302500,PF3D7_1113700,0.576484139103677
PF3D7_0302500,PF3D7_1003300,0.376279185108393
PF3D7_0302500,PF3D7_1015300,0.24935906396624
PF3D7_0302500,PF3D7_0731300,0.189555518197752
PF3D7_0302500,PF3D7_1237800,0.0897017759228273
PF3D7_0801800,PF3D7_1113700,0.716323122757535
PF3D7_0801800,PF3D7_1003300,0.726843087483125
PF3D7_0801800,PF3D7_0703400,0.461247445867458
PF3D7_0801800,PF3D7_1015300,0.378561500038265
PF3D7_0801800,PF3D7_0731300,0.259724986768163
PF3D7_1113700,PF3D7_1003300,0.511234693947198
PF3D7_1113700,PF3D7_0905400,0.591751325986632
PF3D7_1113700,PF3D7_1015300,0.368454304574815
PF3D7_1113700,PF3D7_0731300,0.405926116546809
PF3D7_1003300,PF3D7_0905400,0.478980630064291
PF3D7_1003300,PF3D7_1015300,0.489476528942527
PF3D7_0905400,PF3D7_1015300,0.319916534818929
PF3D7_0513300,PF3D7_0520900,0.821171442446096
PF3D7_0513300,PF3D7_1235600,0.638148388833175
PF3D7_0513300,PF3D7_1439900,0.444645742401822
PF3D7_0520900,PF3D7_1235600,0.596752942503076
PF3D7_0520900,PF3D7_1439900,0.373516553788307
PF3D7_0306300,PF3D7_0626700,0.796490267288882
PF3D7_0306300,PF3D7_1229700,0.692082645839801
PF3D7_0626700,PF3D7_1229700,0.743975993084002
PF3D7_1210300,PF3D7_0822300,0.772201328340346
PF3D7_1210300,PF3D7_1408100,0.357210379028014
PF3D7_1210300,PF3D7_0904700,0.223176077533559
PF3D7_0822300,PF3D7_1125500,0.641109634404996
PF3D7_1243100,PF3D7_1011700,0.681624685442156
PF3D7_0915600,PF3D7_1107900,0.745829989562292
PF3D7_0915600,PF3D7_0726400,0.0108518207616211
PF3D7_1107900,PF3D7_0726400,0.014145704744176
PF3D7_1146700,PF3D7_0803100,0.738314531067818
PF3D7_0619400,PF3D7_0936300,0.716224332863933
PF3D7_1418200,PF3D7_1135400,0.713343827273734
PF3D7_0936800,PF3D7_0416500,0.709789854020737
PF3D7_0936800,PF3D7_1401000,0.618882710767216
PF3D7_0936800,PF3D7_1351200,0.558756008603573
PF3D7_0936800,PF3D7_1455500,0.539546718270266
PF3D7_0416500,PF3D7_1209000,0.232282545456814
PF3D7_0931300,PF3D7_1478600,0.700329180184135
PF3D7_1127100,PF3D7_1454400,0.699209127472757
PF3D7_0728700,PF3D7_0721100,0.694802663550416
PF3D7_1015900,PF3D7_0626800,0.686783532553673
PF3D7_1115800,PF3D7_0323000,0.681625395611545
PF3D7_0511800,PF3D7_1457200,0.681513814978092
PF3D7_1147000,PF3D7_1327300,0.665513559344682
PF3D7_1147000,PF3D7_1468800,0.657867668822766
PF3D7_1147000,PF3D7_1123100,0.637971048056382
PF3D7_1147000,PF3D7_0906600,0.591502699945806
PF3D7_1311800,PF3D7_1115600,0.675178216118263
PF3D7_1311800,PF3D7_1451100,0.633694889834506
PF3D7_1115600,PF3D7_1451100,0.43679478666537
PF3D7_1115600,PF3D7_1454700,0.261163894445037
PF3D7_1344200,PF3D7_0220500,0.673997204009539
PF3D7_1344200,PF3D7_0721400,0.612078949699603
PF3D7_0220500,PF3D7_0525100,0.182651272413628
PF3D7_1015600,PF3D7_1438900,0.66984228782473
PF3D7_1108400,PF3D7_1027400,0.663812218181128
PF3D7_1253200,PF3D7_1303500,0.661746216096829
PF3D7_0907700,PF3D7_0817500,0.650695190031512
PF3D7_0907700,PF3D7_0204500,0.585810467240788
PF3D7_0907700,PF3D7_0922600,0.401377664182309
PF3D7_0817500,PF3D7_0922600,0.398972032288865
PF3D7_0204500,PF3D7_0922600,0.461803575477594
PF3D7_1216200,PF3D7_1203700,0.648618884751432
PF3D7_0305300,PF3D7_0931100,0.628512254037525
PF3D7_0720800,PF3D7_1354700,0.628422952953381
PF3D7_1352800,PF3D7_0812500,0.628174852796423
PF3D7_1252800,PF3D7_1337900,0.626951257845554
PF3D7_1206600,PF3D7_0629500,0.621206142881261
PF3D7_1206600,PF3D7_0421100,0.367727688218364
PF3D7_1206600,PF3D7_1429400,0.551257316903266
PF3D7_1206600,PF3D7_1334300,0.213956310824953
PF3D7_0629500,PF3D7_0421100,0.551759467683299
PF3D7_0421100,PF3D7_1429400,0.324918281675805
PF3D7_1449500,PF3D7_1137400,0.192741440417195
PF3D7_1356800,PF3D7_0518700,0.615588077109412
PF3D7_0826500,PF3D7_1431600,0.611302513841459
PF3D7_0826500,PF3D7_0302900,0.584109672273033
PF3D7_0826500,PF3D7_1133800,0.499315027057392
PF3D7_1431600,PF3D7_0302900,0.526361428643047
PF3D7_1431600,PF3D7_1133800,0.464322418688531
PF3D7_1431600,PF3D7_1477500,0.145932735236293
PF3D7_1431600,PF3D7_0527200,0.108549368525286
PF3D7_0302900,PF3D7_1133800,0.351523534460713
PF3D7_0302900,PF3D7_1477500,0.182732143182497
PF3D7_1357900,PF3D7_0826700,0.609232174078055
PF3D7_0410600,PF3D7_0315100,0.597929803751522
PF3D7_0410600,PF3D7_1206700,0.544159169202428
PF3D7_0410600,PF3D7_1103100,0.237058925762174
PF3D7_0410600,PF3D7_1130200,0.26183152615352
PF3D7_0315100,PF3D7_0606900,0.430065760726308
PF3D7_0315100,PF3D7_1103100,0.32737057066209
PF3D7_0315100,PF3D7_1130200,0.235278473086535
PF3D7_0315100,PF3D7_0205900,0.140085638743626
PF3D7_0315100,PF3D7_1302000,0.0861469655787581
PF3D7_1206700,PF3D7_1103100,0.292874228525707
PF3D7_1206700,PF3D7_1130200,0.359341672597395
PF3D7_0606900,PF3D7_1103100,0.202826061787567
PF3D7_0606900,PF3D7_1130200,0.488055823020875
PF3D7_0112000,PF3D7_0717400,0.333708511059707
PF3D7_1217900,PF3D7_0530000,0.21386469921901
PF3D7_0819900,PF3D7_1361900,0.566675373281995
PF3D7_1146600,PF3D7_0517700,0.560850815373819
PF3D7_1146600,PF3D7_1212700,0.302001055576457
PF3D7_1146600,PF3D7_0528200,0.396008909852725
PF3D7_1146600,PF3D7_1216900,0.190472284283832
PF3D7_1146600,PF3D7_1114700,0.254340247413001
PF3D7_1146600,PF3D7_1128400,0.182408443966111
PF3D7_0517700,PF3D7_1212700,0.359913277964828
PF3D7_0517700,PF3D7_0528200,0.549978059304105
PF3D7_0517700,PF3D7_1216900,0.326019127413637
PF3D7_1212700,PF3D7_1114700,0.108729816394809
PF3D7_1315900,PF3D7_0722500,0.560748791150012
PF3D7_0934800,PF3D7_0524000,0.552238322875459
PF3D7_1132900,PF3D7_0616500,0.536675795606992
PF3D7_1205600,PF3D7_1359400,0.530448137971151
PF3D7_1205600,PF3D7_1010600,0.342626687089951
PF3D7_1205600,PF3D7_0209800,0.357520232577718
PF3D7_1205600,PF3D7_1464900,0.285171334734549
PF3D7_1205600,PF3D7_0815200,0.228190088501028
PF3D7_1359400,PF3D7_1010600,0.450212803655691
PF3D7_1359400,PF3D7_1203900,0.36613788055709
PF3D7_1359400,PF3D7_1464900,0.274848644064144
PF3D7_1359400,PF3D7_0815200,0.0520592303628487
PF3D7_1010600,PF3D7_0209800,0.481287669331729
PF3D7_1010600,PF3D7_1464900,0.239746595504817
PF3D7_1010600,PF3D7_0815200,0.191360979538547
PF3D7_1203900,PF3D7_0209800,0.440760344422051
PF3D7_1203900,PF3D7_1464900,0.315720416496611
PF3D7_1203900,PF3D7_0815200,0.106406498044126
PF3D7_0209800,PF3D7_1464900,0.246328247365274
PF3D7_0209800,PF3D7_0815200,0.106164676594219
PF3D7_1464900,PF3D7_0815200,0.117478141140224
PF3D7_0417200,PF3D7_0933200,0.523329690389577
PF3D7_0417200,PF3D7_0320500,0.264484539855687
PF3D7_0417200,PF3D7_0417500,0.278469896893926
PF3D7_0417200,PF3D7_1406300,0.24550149589993
PF3D7_0417200,PF3D7_0906500,0.187017881621609
PF3D7_0417200,PF3D7_0505900,0.130774728413658
PF3D7_0417200,PF3D7_1434100,0.0950446384201607
PF3D7_0417200,PF3D7_0810300,0.0792001793786853
PF3D7_0417200,PF3D7_0511700,0.049610159284011
PF3D7_0933200,PF3D7_1472900,0.379254484439726
PF3D7_0933200,PF3D7_1441100,0.260863462665444
PF3D7_0933200,PF3D7_0320500,0.41039855952894
PF3D7_0933200,PF3D7_1035400,0.214925747696212
PF3D7_0933200,PF3D7_0213700,0.190384336631985
PF3D7_1472900,PF3D7_0417500,0.257682102837847
PF3D7_1472900,PF3D7_1406300,0.285772003789923
PF3D7_1472900,PF3D7_0906500,0.159221617191806
PF3D7_1441100,PF3D7_0505900,0.147552672660822
PF3D7_0515400,PF3D7_0619500,0.517645007816229
PF3D7_0515400,PF3D7_0920600,0.349124985526732
PF3D7_0515400,PF3D7_0518500,0.158309531906589
PF3D7_0515400,PF3D7_0808300,0.0935308740831309
PF3D7_0619500,PF3D7_0920600,0.297269641087106
PF3D7_0619500,PF3D7_0816000,0.174138584811893
PF3D7_0619500,PF3D7_0923800,0.153127113665823
PF3D7_0920600,PF3D7_0518500,0.212151944684011
PF3D7_0716200,PF3D7_1358900,0.516237260480588
PF3D7_1104400,PF3D7_0305700,0.485690743089066
PF3D7_0512700,PF3D7_1002100,0.472744108457849
PF3D7_0512700,PF3D7_1015800,0.0651447790516224
PF3D7_1002100,PF3D7_0909300,0.463365682287875
PF3D7_1002100,PF3D7_1129100,0.392060153468272
PF3D7_1002100,PF3D7_1120000,0.340932521518633
PF3D7_0606700,PF3D7_1433100,0.445684727634937
PF3D7_1116000,PF3D7_1322000,0.455945430908521
PF3D7_0110400,PF3D7_1341900,0.441634048420091
PF3D7_1140200,PF3D7_1356400,0.431065089424042
PF3D7_0419600,PF3D7_0922500,0.430004951737151
PF3D7_0503400,PF3D7_0322000,0.421611612008386
PF3D7_0503400,PF3D7_1033400,0.326884977648878
PF3D7_0322000,PF3D7_1033400,0.276263865190493
PF3D7_0915100,PF3D7_0709500,0.41285981626733
PF3D7_0708400,PF3D7_1434300,0.412244384898423
PF3D7_0905300,PF3D7_0505700,0.391920465347815
PF3D7_1203500,PF3D7_0606600,0.390681728637663
PF3D7_1419300,PF3D7_1012500,0.372139974007237
PF3D7_1226700,PF3D7_0212900,0.15349814504941
PF3D7_0312800,PF3D7_0832900,0.365952018326366
PF3D7_0312800,PF3D7_0721600,0.317336380664866
PF3D7_0832900,PF3D7_0721600,0.131438057588759
PF3D7_0832900,PF3D7_1122000,0.193637428853357
PF3D7_1438400,PF3D7_1109100,0.359595685220459
PF3D7_0217800,PF3D7_0719700,0.357290340529246
PF3D7_0217800,PF3D7_0219700,0.0393591431887868
PF3D7_0217800,PF3D7_1353100,0.037259666919323
PF3D7_0217800,PF3D7_1126000,0.0368308388705368
PF3D7_0217800,PF3D7_1242700,0.201632441852538
PF3D7_0719700,PF3D7_1341300,0.233577126639049
PF3D7_1341300,PF3D7_0219700,0.0876077141282229
PF3D7_1013800,PF3D7_1320800,0.356885590426144
PF3D7_1107300,PF3D7_0923900,0.347595535878156
PF3D7_1107300,PF3D7_1011800,0.282116964534522
PF3D7_0923900,PF3D7_1437900,0.115555607452
PF3D7_1143400,PF3D7_1105100,0.341634330200026
PF3D7_0106900,PF3D7_0212100,0.0554393086985526
PF3D7_0313400,PF3D7_0212300,0.298516399280627
PF3D7_0313400,PF3D7_1030000,0.196411688559874
PF3D7_0212300,PF3D7_0219200,0.0953691830342442
PF3D7_1129200,PF3D7_1326400,0.297607000188389
PF3D7_1129200,PF3D7_1423200,0.286454902119603
PF3D7_1129200,PF3D7_0312300,0.237930855229904
PF3D7_1326400,PF3D7_1423200,0.183163144910473
PF3D7_1326400,PF3D7_0312300,0.174502272205405
PF3D7_1326400,PF3D7_1319300,0.19481852881497
PF3D7_1326400,PF3D7_1312900,0.0723066736677783
PF3D7_1326400,PF3D7_0507800,0.0674937804768077
PF3D7_1423200,PF3D7_0312300,0.231252590155132
PF3D7_1367700,PF3D7_1368600,0.296217012805338
PF3D7_1022600,PF3D7_1406600,0.266266867154781
PF3D7_1359700,PF3D7_0716300,0.265681981757788
PF3D7_1308200,PF3D7_0935600,0.258311532914264
PF3D7_1124900,PF3D7_0705700,0.233459798961138
PF3D7_1345700,PF3D7_0102200,0.233426449452059
PF3D7_0731600,PF3D7_1423300,0.201480191511287
PF3D7_1225800,PF3D7_0929200,0.153493699805484
PF3D7_0507700,PF3D7_1447100,0.180857836302493
PF3D7_1457000,PF3D7_1336900,0.15764213591259
PF3D7_0912900,PF3D7_1451500,0.126585919510804
PF3D7_0904800,PF3D7_0810800,0.12072514201731
PF3D7_1245900,PF3D7_1473200,0.120242653630222
PF3D7_1226600,PF3D7_1008900,0.112174497112118
PF3D7_0830500,PF3D7_0607000,0.0465805664751326
PF3D7_1311500,PF3D7_0620100,0.0456438324269865
PF3D7_0406100,PF3D7_0934500,0.520684449697709
PF3D7_0406100,PF3D7_0501400,0.170504890133059
PF3D7_0406100,PF3D7_0309500,0.466698956326792
PF3D7_0406100,PF3D7_1406000,0.157205248920499
PF3D7_0406100,PF3D7_1244800,0.0294469765561868
PF3D7_0406100,PF3D7_1140100,0.82903931510171
PF3D7_0934500,PF3D7_1302100,0.585754341279072
PF3D7_0934500,PF3D7_0629100,0.491338659184984
PF3D7_0934500,PF3D7_1311900,0.365123119324428
PF3D7_0934500,PF3D7_0211800,0.380045381924722
PF3D7_0934500,PF3D7_1140100,0.698885216734798
PF3D7_0501400,PF3D7_1406000,0.288623367789093
PF3D7_0501400,PF3D7_1244800,0.0702500022341141
PF3D7_0309500,PF3D7_1140100,0.40663222455441
PF3D7_1302100,PF3D7_1140100,0.691235071637796
PF3D7_0629100,PF3D7_1140100,0.52072351608039
PF3D7_1311900,PF3D7_1140100,0.472707233407883
PF3D7_0211800,PF3D7_1140100,0.472138585514831
PF3D7_0813400,PF3D7_0519700,0.312139393855022
PF3D7_0109800,PF3D7_1032800,0.351500472878999
PF3D7_0109800,PF3D7_1104000,0.489101911062165
PF3D7_0109800,PF3D7_1412500,0.34713066293024
PF3D7_0109800,PF3D7_1033100,0.467455172157352
PF3D7_0109800,PF3D7_1238800,0.455117769940811
PF3D7_0109800,PF3D7_1321200,0.164680956266767
PF3D7_0109800,PF3D7_1461900,0.2545958960494
PF3D7_0109800,PF3D7_1407100,0.697001181812401
PF3D7_1032800,PF3D7_1104000,0.417074243024773
PF3D7_1032800,PF3D7_1412500,0.339500950821079
PF3D7_1032800,PF3D7_0106400,0.238352127473349
PF3D7_1032800,PF3D7_1103700,0.402738470180641
PF3D7_1032800,PF3D7_1349100,0.333482139538821
PF3D7_1032800,PF3D7_0807300,0.374489123761539
PF3D7_1032800,PF3D7_1367000,0.199215498911595
PF3D7_1032800,PF3D7_1407100,0.515205567113927
PF3D7_1104000,PF3D7_1238800,0.309096569047189
PF3D7_1104000,PF3D7_1321200,0.171397840989222
PF3D7_1104000,PF3D7_1407100,0.471548326929185
PF3D7_1412500,PF3D7_1033100,0.323713529285099
PF3D7_1412500,PF3D7_1238800,0.38382884792642
PF3D7_1412500,PF3D7_1321200,0.189628499184154
PF3D7_1412500,PF3D7_1349100,0.0757316624851143
PF3D7_1412500,PF3D7_1367000,0.149826601645876
PF3D7_1412500,PF3D7_1461900,0.113162378052477
PF3D7_1412500,PF3D7_1407100,0.481862063308202
PF3D7_1033100,PF3D7_1238800,0.303745975377156
PF3D7_1033100,PF3D7_1321200,0.202483527572348
PF3D7_1033100,PF3D7_1407100,0.440123872900324
PF3D7_1238800,PF3D7_1321200,0.194018792964628
PF3D7_1238800,PF3D7_1461900,0.172489256477523
PF3D7_1238800,PF3D7_1407100,0.401596461391095
PF3D7_1321200,PF3D7_1367000,0.113612475390398
PF3D7_0106400,PF3D7_1349100,0.167077487464445
PF3D7_0106400,PF3D7_1407100,0.365599630312074
PF3D7_1103700,PF3D7_1349100,0.214745219633826
PF3D7_1103700,PF3D7_1407100,0.345929935168118
PF3D7_1349100,PF3D7_1367000,0.489470214536701
PF3D7_1349100,PF3D7_1407100,0.25584103995114
PF3D7_0807300,PF3D7_1407100,0.354128851722505
PF3D7_1367000,PF3D7_1407100,0.141354557412058
PF3D7_1130400,PF3D7_1459000,0.261098440564423
PF3D7_0216500,PF3D7_0721000,0.704421301703298
PF3D7_0216500,PF3D7_0615600,0.341494639927028
PF3D7_0216500,PF3D7_1140000,0.531398649989701
PF3D7_0721000,PF3D7_0615600,0.329226926807066
PF3D7_0721000,PF3D7_1358500,0.379202788648588
PF3D7_0721000,PF3D7_0202100,0.41631764576194
PF3D7_0721000,PF3D7_1140000,0.500089775966091
PF3D7_0615600,PF3D7_1358500,0.183641453426214
PF3D7_0615600,PF3D7_1140000,0.400152518825169
PF3D7_1358500,PF3D7_1140000,0.378147803366135
PF3D7_0202100,PF3D7_1140000,0.743672821445904
PF3D7_0627700,PF3D7_0706000,0.682056459939183
PF3D7_0627700,PF3D7_0932800,0.545812752336092
PF3D7_0627700,PF3D7_1230700,0.257984305042215
PF3D7_0706000,PF3D7_0932800,0.413971762493868
PF3D7_0106100,PF3D7_1361800,0.355394657816326
PF3D7_0106100,PF3D7_1333800,0.212725774756477
PF3D7_0106100,PF3D7_1106900,0.155437267796172
PF3D7_1361800,PF3D7_1453800,0.156744054690533
PF3D7_1361800,PF3D7_0813600,0.164473892921801
PF3D7_1361800,PF3D7_0105800,0.139482280527105
PF3D7_1333800,PF3D7_0813600,0.116636689268311
PF3D7_0520500,PF3D7_0520800,0.703792711799087
PF3D7_0520500,PF3D7_0524400,0.0449813572139714
PF3D7_0821000,PF3D7_0105300,0.442352072914687
PF3D7_0821000,PF3D7_1313700,0.711173393429169
PF3D7_0919700,PF3D7_1313700,0.808480386996704
PF3D7_0105300,PF3D7_1313700,0.496355221034315
PF3D7_1420800,PF3D7_1106200,0.413138253152997
PF3D7_0319200,PF3D7_1035800,0.209596163289099
PF3D7_0319200,PF3D7_0904600,0.207623474206192
PF3D7_0319200,PF3D7_1120500,0.164875487750669
PF3D7_0319200,PF3D7_1426700,0.727321061273394
PF3D7_1307200,PF3D7_1356100,0.396813454279934
PF3D7_0424900,PF3D7_0926700,0.283493622394359
PF3D7_0102900,PF3D7_1218600,0.510189478857855
PF3D7_0102900,PF3D7_0319600,0.486520984011613
PF3D7_0102900,PF3D7_0913200,0.471923207955263
PF3D7_0102900,PF3D7_1401100,0.402428664990969
PF3D7_0102900,PF3D7_1138500,0.248557357789544
PF3D7_0102900,PF3D7_0807800,0.2662482145018
PF3D7_0102900,PF3D7_1222300,0.208421744420025
PF3D7_0102900,PF3D7_1118300,0.509542581152066
PF3D7_0102900,PF3D7_1426200,0.711272559523117
PF3D7_0102900,PF3D7_1034900,0.799435137576905
PF3D7_0102900,PF3D7_1343000,0.0769282779815564
PF3D7_0102900,PF3D7_1012600,0.0470583453987836
PF3D7_0102900,PF3D7_1453700,0.0449868898844377
PF3D7_0102900,PF3D7_0823200,0.826987487152426
PF3D7_1218600,PF3D7_0319600,0.334635830849554
PF3D7_1218600,PF3D7_0913200,0.513134672331351
PF3D7_1218600,PF3D7_1138500,0.376546751360141
PF3D7_1218600,PF3D7_1118300,0.696276523337846
PF3D7_1218600,PF3D7_1426200,0.574808761427549
PF3D7_1218600,PF3D7_1034900,0.609949959249396
PF3D7_1218600,PF3D7_1336800,0.302701784316328
PF3D7_1218600,PF3D7_1118200,0.341382583319533
PF3D7_1218600,PF3D7_0622800,0.233493768168441
PF3D7_1218600,PF3D7_0823200,0.689417285798713
PF3D7_0319600,PF3D7_0913200,0.638186615886034
PF3D7_0319600,PF3D7_1401100,0.620774866583937
PF3D7_0319600,PF3D7_1222300,0.454575747555621
PF3D7_0319600,PF3D7_1118300,0.33336458181953
PF3D7_0319600,PF3D7_1426200,0.434102308949808
PF3D7_0319600,PF3D7_1034900,0.568815762580842
PF3D7_0319600,PF3D7_1453700,0.0994481562107212
PF3D7_0319600,PF3D7_0823200,0.488244591987833
PF3D7_0913200,PF3D7_1401100,0.354423241191056
PF3D7_0913200,PF3D7_1426200,0.415392808262025
PF3D7_0913200,PF3D7_1034900,0.476956325132114
PF3D7_0913200,PF3D7_1343000,0.0940470325674575
PF3D7_0913200,PF3D7_0823200,0.364622715698633
PF3D7_1401100,PF3D7_1222300,0.445293979926998
PF3D7_1401100,PF3D7_1034900,0.332399010472755
PF3D7_1401100,PF3D7_1336800,0.214656173277648
PF3D7_1401100,PF3D7_1453700,0.124897893782062
PF3D7_1401100,PF3D7_0823200,0.296562331102076
PF3D7_1138500,PF3D7_0807800,0.698980761566454
PF3D7_1138500,PF3D7_1118300,0.476046025193363
PF3D7_1138500,PF3D7_1426200,0.374769372835076
PF3D7_1138500,PF3D7_1034900,0.246704273201755
PF3D7_1138500,PF3D7_1118200,0.421999389663791
PF3D7_1138500,PF3D7_0622800,0.227910033855236
PF3D7_1138500,PF3D7_0823200,0.335612864132664
PF3D7_0807800,PF3D7_1118300,0.401047895625308
PF3D7_0807800,PF3D7_1426200,0.323411391337714
PF3D7_0807800,PF3D7_1034900,0.23558710940752
PF3D7_0807800,PF3D7_1336800,0.163798296446677
PF3D7_0807800,PF3D7_1118200,0.374670246543915
PF3D7_0807800,PF3D7_1012600,0.0153743594550027
PF3D7_0807800,PF3D7_0823200,0.324417848048644
PF3D7_1222300,PF3D7_1453700,0.239130068926065
PF3D7_1222300,PF3D7_0823200,0.210649541801556
PF3D7_1118300,PF3D7_1426200,0.696131678966496
PF3D7_1118300,PF3D7_1034900,0.624016763175927
PF3D7_1118300,PF3D7_1118200,0.354126027402437
PF3D7_1118300,PF3D7_0622800,0.370360488371835
PF3D7_1118300,PF3D7_0823200,0.823900154883518
PF3D7_1426200,PF3D7_1034900,0.807431243912695
PF3D7_1426200,PF3D7_0823200,0.820089261861736
PF3D7_1034900,PF3D7_1336800,0.369541248903578
PF3D7_1034900,PF3D7_0823200,0.764785715437024
PF3D7_1343000,PF3D7_1453700,0.218733035814879
PF3D7_1336800,PF3D7_0823200,0.451561970405361
PF3D7_1118200,PF3D7_0823200,0.293975701386322
PF3D7_0622800,PF3D7_0823200,0.252335964561906
PF3D7_0904000,PF3D7_0802000,0.460308330708338
PF3D7_0217900,PF3D7_1357400,0.514730709639475
PF3D7_0217900,PF3D7_0516600,0.663867896059997
PF3D7_1357400,PF3D7_0516600,0.569654802294294
PF3D7_0918900,PF3D7_1342800,0.455986266402895
PF3D7_1127600,PF3D7_0813200,0.259201461560946
PF3D7_1445100,PF3D7_1331700,0.334956877809936
PF3D7_1445100,PF3D7_0501100,0.206307503559223
PF3D7_1445100,PF3D7_1006800,0.373540988786834
PF3D7_1445100,PF3D7_1402300,0.728857959003959
PF3D7_1331700,PF3D7_1006800,0.358629608756606
PF3D7_0501100,PF3D7_1006800,0.221933218352757
PF3D7_1006800,PF3D7_1402300,0.510084935411097
PF3D7_1438000,PF3D7_0210900,0.0754875894679584
PF3D7_1438000,PF3D7_0306200,0.0943442722235851
PF3D7_0210900,PF3D7_0306200,0.355844616121616
PF3D7_0210900,PF3D7_0711500,0.239380121794253
PF3D7_1323900,PF3D7_0523100,0.358602946177154
PF3D7_1323900,PF3D7_1125900,0.108752322532453
PF3D7_1323900,PF3D7_1409300,0.398195130766389
PF3D7_1323900,PF3D7_1425900,0.43732269806413
PF3D7_1323900,PF3D7_0532400,0.385213236073685
PF3D7_1323900,PF3D7_0110700,0.240603959677514
PF3D7_1323900,PF3D7_0807900,0.132168678549709
PF3D7_1323900,PF3D7_1039000,0.127823922780588
PF3D7_1323900,PF3D7_0109400,0.0266041704919732
PF3D7_1323900,PF3D7_0202200,0.333936541923547
PF3D7_1323900,PF3D7_0424000,0.186136262694887
PF3D7_1323900,PF3D7_1213800,0.140283724429318
PF3D7_1323900,PF3D7_1026600,0.105092610923246
PF3D7_1323900,PF3D7_0921900,0.0732352071901181
PF3D7_1323900,PF3D7_1249100,0.0597310848265525
PF3D7_1323900,PF3D7_1244100,0.0408883723118171
PF3D7_1323900,PF3D7_0627500,0.0149651105695961
PF3D7_0523100,PF3D7_1409300,0.48816993762748
PF3D7_0523100,PF3D7_1425900,0.524401183138397
PF3D7_0523100,PF3D7_0532400,0.526944349592468
PF3D7_1125900,PF3D7_0807900,0.164871334376496
PF3D7_1125900,PF3D7_1213800,0.106825663310952
PF3D7_1125900,PF3D7_1249100,0.228283003190798
PF3D7_1409300,PF3D7_1425900,0.520097116499108
PF3D7_1409300,PF3D7_0532400,0.499926641809338
PF3D7_1409300,PF3D7_0110700,0.276027815177142
PF3D7_1409300,PF3D7_0807900,0.135078130085726
PF3D7_1409300,PF3D7_1039000,0.12547528563401
PF3D7_1409300,PF3D7_0202200,0.362505944085566
PF3D7_1409300,PF3D7_0424000,0.246713111006586
PF3D7_1409300,PF3D7_1213800,0.0863268938796337
PF3D7_1409300,PF3D7_1244100,0.0769925912156895
PF3D7_1425900,PF3D7_0532400,0.594372492951563
PF3D7_1425900,PF3D7_0110700,0.25988442598586
PF3D7_1425900,PF3D7_1039000,0.0899052525715203
PF3D7_1425900,PF3D7_0424000,0.245950384668799
PF3D7_0532400,PF3D7_0202200,0.518454559901896
PF3D7_0110700,PF3D7_1026600,0.13457513939
PF3D7_0807900,PF3D7_1249100,0.311124014682226
PF3D7_1039000,PF3D7_1244100,0.178172184036487
PF3D7_0111500,PF3D7_0419800,0.31475648235449
PF3D7_0111500,PF3D7_1118100,0.424868369827271
PF3D7_0419800,PF3D7_1118100,0.298739046979075
PF3D7_1019400,PF3D7_1323400,0.631544514674714
PF3D7_1019400,PF3D7_0304400,0.422238121172545
PF3D7_1019400,PF3D7_0320900,0.279421288432025
PF3D7_0306900,PF3D7_1323400,0.570604211586883
PF3D7_0306900,PF3D7_1426000,0.54534374105223
PF3D7_1323400,PF3D7_0304400,0.433998517976872
PF3D7_1323400,PF3D7_1309100,0.306878320513784
PF3D7_1323400,PF3D7_0320900,0.272391441731228
PF3D7_1426000,PF3D7_0903900,0.475857930196338
PF3D7_1426000,PF3D7_1338200,0.527184734997761
PF3D7_0903900,PF3D7_1338200,0.429810448004714
PF3D7_0304400,PF3D7_1338200,0.565868099982738
PF3D7_1338200,PF3D7_1309100,0.446098354282964
PF3D7_0821000,PF3D7_0919700,0.723277293184788
